Gender,Months,Growth_rate,BMI_Level,PCT,Quantile,Weight,Protein_Mass,Mineral_Mass,Soft_Lean_Mass,Body_Fat_Mass,Skeletal_Muscle_Mass,BMR,Student_ID,Age,Target_Age,Target_Months,Height,Target_Height,PW,MW,SW,BW,SMW,SS,BS,Ages,Target_Ages,nobs
1,63,0.2842465753424659,2.0,4.0,0.8939281469264471,23.8,3.5,1.5,18.8,5.4,10.1,767.0,528715.0,5.0,5.0,66.0,116.8,150.0,0.1470588235294117,0.0630252100840336,0.7899159663865546,0.226890756302521,0.4243697478991596,0.5372340425531914,0.2872340425531915,5.0,5.0,1
1,66,0.06290849673202614,1.0,4.0,0.9863127618592484,24.8,3.9,1.4,18.9,4.0,9.9,801.0,20768.0,5.0,9.0,112.0,123.0,128.3,0.1688311688311688,0.0562770562770562,0.8008658008658008,0.1731601731601731,0.4155844155844155,0.5238095238095238,0.2162162162162162,5.0,9.0,19
1,79,0.017736486486486402,1.0,2.0,0.408132836913946,20.8,3.5,1.2,16.2,3.0,8.7,758.0,526790.0,6.0,6.0,82.0,118.4,120.5,0.1682692307692307,0.0576923076923076,0.7788461538461537,0.1442307692307692,0.4182692307692307,0.537037037037037,0.1851851851851852,6.0,6.0,5
1,80,0.08363970588235303,1.0,2.0,0.4320471262327301,24.0,3.8,1.3,17.8,5.0,9.1,776.0,23753.0,6.0,8.0,98.0,119.2,129.5,0.1576763485477178,0.0524193548387096,0.7551867219917011,0.2074688796680497,0.3920265780730897,0.5172413793103449,0.2747252747252747,6.0,8.0,523
1,81,0.06800678146253836,1.0,3.0,0.5292462270015089,23.6,3.9,1.3,18.5,4.0,9.6,793.0,24076.0,6.0,8.0,97.0,120.9,130.1,0.1639999999999999,0.0550847457627118,0.7866108786610879,0.1716738197424892,0.4070796460176991,0.5208333333333334,0.2185792349726776,6.0,8.0,13902
1,82,0.07082630691399672,1.0,3.0,0.544514340431941,24.1,3.9,1.3,18.8,4.0,9.8,799.0,28514.0,6.0,8.0,98.0,121.6,130.6,0.1629629629629629,0.0544747081712062,0.7819905213270142,0.175438596491228,0.4048780487804878,0.5215053763440859,0.2242152466367712,6.0,8.0,17975
1,83,0.06808510638297882,1.0,3.0,0.5436170697820667,23.8,4.0,1.3,19.0,4.0,10.0,804.0,23751.0,6.0,8.0,99.0,122.1,131.2,0.1666666666666666,0.0553191489361702,0.7983539094650205,0.1581027667984189,0.41517051315110887,0.5233160621761658,0.1970443349753694,6.0,8.0,20406
1,84,0.0698968944538767,1.0,3.0,0.5358196531166077,24.1,4.0,1.3,19.2,4.0,10.0,808.0,18328.0,7.0,8.0,101.0,122.5,132.3,0.1666666666666666,0.0555555555555555,0.8,0.15625,0.4166666666666666,0.5243243243243243,0.196078431372549,7.0,8.0,19654
1,85,0.05345911949685522,1.0,3.0,0.5754989878933077,24.5,4.1,1.4,19.5,4.0,10.3,815.0,27845.0,7.0,8.0,98.0,123.5,130.5,0.1651785714285714,0.0555555555555555,0.7933884297520661,0.1612903225806451,0.4156862745098039,0.5257731958762887,0.2040816326530612,7.0,8.0,3743
1,86,0.07094080566469507,1.0,3.0,0.5362451747445052,25.0,4.1,1.4,19.5,4.0,10.3,815.0,24144.0,7.0,8.0,101.0,123.5,133.2,0.1641221374045801,0.0551470588235294,0.7878787878787878,0.1673640167364017,0.411764705882353,0.5263157894736842,0.211864406779661,7.0,8.0,32152
1,87,0.07332293291731684,1.0,2.0,0.4808843244463787,24.8,4.0,1.4,19.4,4.0,10.2,813.0,13091.0,7.0,8.0,106.0,123.3,133.2,0.1634241245136186,0.0549828178694158,0.7854545454545455,0.1709401709401709,0.4098939929328621,0.5263157894736842,0.2173913043478261,7.0,8.0,18553
1,88,0.07330677290836651,1.0,3.0,0.536663823292044,25.7,4.1,1.4,19.8,5.0,10.5,823.0,21918.0,7.0,8.0,106.0,124.5,134.5,0.1610486891385767,0.055,0.7727272727272727,0.1838235294117647,0.4054054054054054,0.5284974093264249,0.2369668246445497,7.0,8.0,18562
1,89,0.07597027250206456,1.0,3.0,0.5054191662970279,25.7,4.1,1.4,19.7,5.0,10.4,820.0,19257.0,7.0,9.0,108.0,124.6,134.8,0.1608695652173913,0.0546218487394958,0.7734375,0.1831501831501831,0.4054054054054054,0.5284974093264249,0.2366863905325444,7.0,9.0,27653
1,90,0.05434782608695654,1.0,2.0,0.4912406758993479,25.2,4.1,1.4,19.9,4.0,10.5,825.0,8965.0,7.0,8.0,102.0,124.9,132.5,0.16279861036495824,0.0549450549450549,0.7838827838827838,0.1709401709401709,0.4112149532710281,0.529126213592233,0.2197802197802197,7.0,8.0,1452
1,91,0.08333333333333326,1.0,2.0,0.4849687677143596,26.1,4.2,1.5,20.1,5.0,10.6,828.0,9363.0,7.0,9.0,113.0,125.3,136.3,0.160919540229885,0.0545454545454545,0.7703703703703704,0.1851851851851851,0.4044943820224719,0.53,0.2369668246445497,7.0,9.0,7037
1,92,0.08688961073539592,1.0,2.0,0.3708204050361109,25.1,4.1,1.4,19.8,4.0,10.5,822.0,8966.0,7.0,9.0,114.0,124.3,136.1,0.1638655462184874,0.0560344827586206,0.7881896910898161,0.1687763713080168,0.4155251141552512,0.529126213592233,0.2144787533781841,7.0,9.0,3054
1,93,0.06227284026533031,1.0,3.0,0.5348360088917015,26.5,4.3,1.5,20.7,5.0,11.0,845.0,13306.0,7.0,9.0,110.0,126.9,135.8,0.1619718309859155,0.0553633217993079,0.7773437499999999,0.1777777777777777,0.4112903225806451,0.5327102803738318,0.2281368821292775,7.0,9.0,15938
1,94,0.06398104265402837,1.0,3.0,0.5285271575526322,27.0,4.3,1.5,20.8,5.0,11.1,847.0,23509.0,7.0,9.0,110.0,127.3,136.2,0.1614173228346456,0.0551470588235294,0.7761194029850746,0.1809954751131221,0.4110032362459547,0.5336538461538461,0.2325581395348837,7.0,9.0,19761
1,95,0.06279439494213768,1.0,3.0,0.545297881719505,27.0,4.4,1.5,21.2,4.0,11.4,855.0,13494.0,7.0,9.0,111.0,128.0,136.9,0.1641221374045801,0.0561797752808988,0.7906137184115524,0.1659751037344398,0.4193548387096774,0.5352112676056338,0.2105263157894736,7.0,9.0,22724
1,96,0.061532759308889684,1.0,3.0,0.5627787087790097,27.4,4.4,1.6,21.5,5.0,11.5,861.0,10402.0,8.0,9.0,112.0,128.7,137.7,0.1633466135458167,0.0557768924302788,0.7859649122807018,0.1700680272108843,0.4190871369294605,0.5362318840579711,0.217391304347826,8.0,9.0,18972
1,97,0.048414023372287174,1.0,3.0,0.5801930275146095,28.0,4.5,1.6,21.8,5.0,11.7,868.0,24667.0,8.0,9.0,110.0,129.4,136.7,0.1617647058823529,0.055813953488372,0.779467680608365,0.1785714285714285,0.4150197628458498,0.5365853658536586,0.2336448598130841,8.0,9.0,3691
1,98,0.0627802690582957,1.0,3.0,0.5447053064272673,28.3,4.5,1.6,21.7,5.0,11.6,866.0,18968.0,8.0,9.0,113.0,129.4,138.5,0.1604938271604938,0.0551470588235294,0.7731629392971245,0.1838235294117647,0.4122137404580153,0.5373831775700935,0.238095238095238,8.0,9.0,31521
1,99,0.06192305507427498,1.0,3.0,0.5318444474843972,28.4,4.5,1.6,21.9,5.0,11.8,870.0,11778.5,8.0,9.0,117.0,129.7,138.8,0.1605839416058394,0.0550161812297734,0.7708978328173375,0.1857585139318885,0.4129793510324483,0.5384615384615384,0.2403846153846153,8.0,9.0,17242
1,100,0.06294608070986141,1.0,3.0,0.5492690386910972,29.1,4.6,1.6,22.0,6.0,11.9,874.0,14640.0,8.0,9.0,118.0,130.4,139.6,0.1581027667984189,0.0547945205479452,0.7596566523605149,0.1976284584980237,0.4065573770491803,0.5394736842105263,0.2617801047120419,8.0,9.0,17908
1,101,0.06891385767790248,1.0,3.0,0.5440306493818554,29.6,4.6,1.6,22.2,6.0,12.0,879.0,14528.0,8.0,9.0,119.0,130.8,140.5,0.156794425087108,0.0545454545454545,0.7535714285714287,0.2040816326530612,0.4039735099337748,0.5401785714285714,0.2702702702702703,8.0,9.0,26617
1,102,0.057037037037037,1.0,2.0,0.4339820506355499,28.3,4.6,1.6,22.1,5.0,11.9,874.0,8993.0,8.0,9.0,117.0,129.8,138.8,0.1621621621621621,0.0561403508771929,0.7798507462686567,0.1779359430604982,0.4175824175824176,0.5391705069124424,0.2262443438914027,8.0,9.0,2061
1,103,0.07280832095096601,1.0,3.0,0.5425004735131388,30.0,4.7,1.7,22.5,6.0,12.2,887.0,9470.0,8.0,10.0,123.0,131.7,141.9,0.1568627450980391,0.0547112462006079,0.7530864197530864,0.2033898305084746,0.4056939501779359,0.5407725321888411,0.2714932126696832,8.0,10.0,6995
1,104,0.07957957957957973,1.0,2.0,0.4481203842842443,29.7,4.7,1.6,22.5,6.0,12.1,884.0,8987.0,8.0,10.0,126.0,130.9,141.9,0.1570247933884297,0.0545454545454545,0.756198347107438,0.1993355481727574,0.405857740585774,0.5404255319148936,0.2659574468085106,8.0,10.0,2811
1,105,0.05598159509202438,1.0,3.0,0.5483883248659995,30.0,4.8,1.7,22.9,6.0,12.5,895.0,14102.0,8.0,10.0,120.0,132.7,141.0,0.1593220338983051,0.0555555555555555,0.7649122807017544,0.1923076923076923,0.411764705882353,0.5427350427350427,0.2510460251046025,8.0,10.0,14121
1,106,0.05729564553093969,1.0,3.0,0.55864228522763,31.4,4.9,1.7,23.4,6.0,12.8,906.0,18562.0,8.0,10.0,122.0,133.3,141.7,0.1565217391304348,0.0544041450777202,0.7514619883040935,0.204778156996587,0.4069148936170212,0.5442477876106194,0.2727272727272727,8.0,10.0,17949
1,107,0.05496183206106853,1.0,3.0,0.5614961780938047,30.9,4.9,1.7,23.7,6.0,12.9,912.0,13964.0,8.0,10.0,122.0,133.8,141.9,0.1602564102564102,0.0555555555555555,0.7694704049844237,0.1880877742946708,0.4169381107491857,0.5450643776824033,0.2439024390243902,8.0,10.0,21167
1,108,0.05423476968796437,1.0,3.0,0.5722131659538827,31.5,5.0,1.7,24.0,6.0,13.1,918.0,9633.0,9.0,10.0,124.0,134.4,143.0,0.1586901763224181,0.0550161812297734,0.7607142857142858,0.1941747572815534,0.4137931034482758,0.545816733067729,0.2551020408163265,9.0,10.0,18306
1,109,0.04799435426958365,1.0,3.0,0.5539848218433032,32.3,5.0,1.7,24.1,7.0,13.2,921.0,14381.0,9.0,10.0,122.0,134.6,142.1,0.1555555555555555,0.0542372881355932,0.7462301587301587,0.2127659574468085,0.4050991501416431,0.5465587044534413,0.2834008097165992,9.0,10.0,4114
1,110,0.05752840909090895,1.0,3.0,0.5648134777130647,32.6,5.0,1.7,24.2,7.0,13.2,923.0,14610.0,9.0,10.0,125.0,135.2,143.9,0.1551724137931034,0.054054054054054,0.7443609022556391,0.2109704641350211,0.4057971014492754,0.5465587044534413,0.2826855123674912,9.0,10.0,31463
1,111,0.05284552845528445,1.0,3.0,0.5467451161888741,32.8,5.1,1.8,24.3,7.0,13.3,927.0,10493.0,9.0,10.0,125.0,135.4,143.7,0.1559322033898305,0.0542372881355932,0.7474048442906576,0.2102102102102102,0.4063604240282685,0.5477178423236514,0.282258064516129,9.0,10.0,15491
1,112,0.0571004748793551,1.0,3.0,0.5715851639577927,33.5,5.1,1.8,24.4,7.0,13.4,930.0,11633.0,9.0,10.0,128.0,136.2,145.0,0.1533101045296167,0.053763440860215,0.7359050445103857,0.2203856749311294,0.400709219858156,0.5483870967741935,0.2993853836550465,9.0,10.0,17360
1,113,0.06226834692364713,1.0,3.0,0.5466547103121999,33.7,5.1,1.8,24.6,7.0,13.5,933.0,13249.0,9.0,10.0,130.0,136.3,145.6,0.1529745042492918,0.0536277602523659,0.7325905292479109,0.22557928214447975,0.4,0.5486553493337006,0.3076923076923077,9.0,10.0,25498
1,114,0.05330799462045699,1.0,2.0,0.4783543669836947,32.3,5.1,1.8,24.2,6.0,13.3,924.0,9018.0,9.0,10.0,128.0,135.8,144.7,0.1596638655462184,0.0559701492537313,0.7692307692307693,0.1851851851851852,0.4148606811145511,0.5483201807813851,0.2427184466019417,9.0,10.0,1894
1,115,0.061527057079317826,1.0,3.0,0.5314125901828151,34.7,5.2,1.8,25.0,8.0,13.8,942.0,9069.0,9.0,11.0,134.0,137.0,146.2,0.1514195583596214,0.0530035335689045,0.7272727272727273,0.2313624678663239,0.3965087281795511,0.5502008032128514,0.3187250996015936,9.0,11.0,6489
1,116,0.06744771582815401,1.0,3.0,0.5484290162999218,33.2,5.1,1.8,24.7,7.0,13.5,935.0,9027.0,9.0,11.0,134.0,137.7,146.7,0.1551724137931034,0.0551181102362204,0.746031746031746,0.2166064981949458,0.4025559105431309,0.5477178423236514,0.2904564315352697,9.0,11.0,2182
1,117,0.04989747095010233,1.0,3.0,0.5649809098863039,35.1,5.3,1.9,25.5,8.0,14.0,953.0,14012.0,9.0,10.0,131.0,138.4,146.1,0.1519337016574585,0.0539682539682539,0.728494623655914,0.2280130293159609,0.4,0.5508474576271186,0.3125,9.0,10.0,13733
1,118,0.05500705218617763,1.0,3.0,0.5608986753036618,35.6,5.4,1.9,25.8,8.0,14.2,961.0,15264.0,9.0,11.0,133.0,138.8,147.2,0.1520618556701031,0.053475935828877,0.729483282674772,0.2261306532663316,0.3999999999999999,0.5517241379310345,0.3103448275862069,9.0,11.0,15991
1,119,0.04860614724803414,1.0,3.0,0.5363156650939656,34.9,5.4,1.9,25.8,7.0,14.2,961.0,13957.0,9.0,11.0,133.0,138.9,146.6,0.1553398058252427,0.0544959128065395,0.7456647398843931,0.2105263157894736,0.4093567251461988,0.5519713261648745,0.282258064516129,9.0,11.0,18277
1,120,0.048049093661907016,1.0,3.0,0.558350599196207,35.7,5.5,1.9,26.3,7.0,14.5,970.0,9727.5,10.0,11.0,134.0,139.7,147.7,0.1548821548821548,0.0544554455445544,0.7432432432432432,0.2134146341463415,0.41005291005291,0.5527272727272727,0.28690984548369947,10.0,11.0,17114
1,121,0.048327137546468446,1.0,3.0,0.5258793619295768,36.8,5.5,1.9,26.1,8.0,14.4,968.0,7224.0,10.0,11.0,134.0,139.7,147.7,0.1504178272980501,0.0538243626062322,0.7240506329113925,0.2298850574712644,0.401496259351621,0.5522388059701493,0.3215434083601286,10.0,11.0,4425
1,122,0.052669552669552644,1.0,3.0,0.5477539484320436,36.9,5.6,1.9,26.5,8.0,14.7,978.0,12135.0,10.0,11.0,136.0,140.5,149.1,0.1517615176151761,0.05350003888932095,0.7286821705426356,0.2290076335877862,0.4017857142857142,0.5535055350553505,0.313588850174216,10.0,11.0,28266
1,123,0.04552469135802473,1.0,3.0,0.515705768075246,37.0,5.6,1.9,26.6,8.0,14.8,981.0,10597.0,10.0,11.0,135.0,140.5,148.2,0.1513513513513513,0.0534351145038168,0.7259475218658892,0.2312138728323699,0.4012158054711246,0.5543071161048689,0.3191489361702128,10.0,11.0,13253
1,124,0.05126452494873557,1.0,3.0,0.5374055210816816,37.6,5.6,2.0,26.9,9.0,14.9,986.0,10350.0,10.0,11.0,136.0,141.3,150.0,0.1506493506493506,0.0534591194968553,0.722543352601156,0.2347417840375587,0.3995037220843673,0.5559701492537313,0.324074074074074,10.0,11.0,15623
1,125,0.05366847826086962,1.0,3.0,0.5389631122375839,38.3,5.7,2.0,27.1,9.0,15.1,992.0,13148.0,10.0,11.0,137.0,141.8,150.7,0.149171270718232,0.053125,0.7157190635451505,0.2409638554216867,0.3962655601659751,0.5559701492537313,0.3375527426160337,10.0,11.0,21270
1,126,0.048220321255958876,1.0,2.0,0.4467406434211545,36.4,5.6,2.0,27.1,8.0,15.0,992.0,9068.0,10.0,11.0,138.0,140.9,149.4,0.15363540569020015,0.0549450549450549,0.7357859531772576,0.2215189873417721,0.409313725490196,0.5555555555555556,0.3001886739320211,10.0,11.0,1874
1,127,0.0483985014367293,1.0,2.0,0.4935282134848862,38.3,5.7,2.0,27.3,9.0,15.2,994.0,8607.0,10.0,11.0,139.0,142.1,150.4,0.1494565217391304,0.0535714285714285,0.7191283292978209,0.2389078498293515,0.3975308641975309,0.555956678700361,0.334448160535117,10.0,11.0,5350
1,128,0.054904831625183004,1.0,2.0,0.429125321681726,38.1,5.7,2.1,27.6,9.0,15.3,1003.0,9052.0,10.0,11.0,141.0,141.6,150.8,0.1503957783641161,0.0538461538461538,0.7192982456140351,0.2341920374707259,0.4010025062656642,0.5559440559440559,0.3225806451612903,10.0,11.0,1941
1,129,0.04175589519717393,1.0,3.0,0.5459366466773238,40.3,5.9,2.1,28.3,10.0,15.8,1018.0,13594.0,10.0,11.0,141.0,143.9,151.0,0.1489361702127659,0.0532687651331719,0.7126436781609197,0.245164823422557,0.3964646464646464,0.5586206896551724,0.3435114503816794,10.0,11.0,11108
1,130,0.04856752003126852,1.0,3.0,0.5711731731583871,40.5,6.0,2.2,28.7,10.0,16.1,1029.0,15208.0,10.0,11.0,142.0,144.8,152.8,0.1498708010335917,0.0532687651331719,0.7193396226415094,0.2383793612910558,0.4015748031496063,0.559748427672956,0.3317535545023696,10.0,11.0,13484
1,131,0.037747920665387014,1.0,3.0,0.5461089490554317,39.5,6.0,2.2,28.7,9.0,16.1,1029.0,14026.0,10.0,11.0,141.0,144.9,151.5,0.1525,0.0541237113402061,0.731457800511509,0.2236421725239616,0.4084084084084084,0.5598591549295775,0.3055555555555556,10.0,11.0,13993
1,132,0.04128277122988011,1.0,3.0,0.5438138678372323,40.3,6.1,2.2,29.1,9.0,16.3,1039.0,9875.0,11.0,11.0,143.0,145.4,152.9,0.1530343007915567,0.05420870473764975,0.7340720221606648,0.2216748768472906,0.4096638655462185,0.5602836879432624,0.3018867924528302,11.0,11.0,14294
1,133,0.04509663564781685,1.0,3.0,0.5537702592542244,41.2,6.2,2.2,29.8,10.0,16.8,1054.0,7313.0,11.0,12.0,145.0,146.1,154.0,0.1507537688442211,0.0531645569620253,0.7228260869565218,0.2368421052631578,0.40608228980322,0.5614617940199335,0.3257328990228013,11.0,12.0,3803
1,134,0.04654545454545467,1.0,3.0,0.5514657743531232,41.7,6.2,2.2,29.7,10.0,16.7,1052.0,10788.0,11.0,12.0,146.0,146.6,154.7,0.1507537688442211,0.0536585365853658,0.7243107769423559,0.2316602316602316,0.406,0.5616883116883117,0.3202846975088967,11.0,12.0,22647
1,135,0.0391319539391729,1.0,3.0,0.5187606003619987,41.9,6.2,2.2,29.8,9.0,16.8,1053.0,10722.0,11.0,12.0,146.0,146.6,153.7,0.1506849315068493,0.0538461538461538,0.7230046948356808,0.2325581395348837,0.4063548151887374,0.5625000000000001,0.3225806451612903,11.0,12.0,10618
1,136,0.04846115680113072,1.0,3.0,0.5468549861688672,42.9,6.3,2.3,30.3,10.0,17.1,1066.0,10492.0,11.0,12.0,147.0,147.6,156.8,0.1502463054187192,0.0542168674698795,0.7220630372492837,0.2332361516034985,0.4053868521432781,0.5638297872340425,0.3225806451612903,11.0,12.0,12100
1,137,0.043813551408758644,1.0,3.0,0.5506091546704187,43.4,6.4,2.3,30.7,10.0,17.3,1075.0,10819.5,11.0,12.0,147.0,148.2,156.7,0.150190114068441,0.0537848605577689,0.72,0.2356020942408376,0.4054669703872438,0.5645161290322581,0.326797385620915,11.0,12.0,16070
1,138,0.04712041884816753,1.0,2.0,0.4623780193489287,41.2,6.3,2.3,30.3,8.0,17.1,1066.0,9082.0,11.0,12.0,149.0,147.3,155.7,0.1563517915309446,0.0557184750733137,0.75,0.1994301994301994,0.4213836477987421,0.5632911392405063,0.2653061224489796,11.0,12.0,1841
1,139,0.041612483745123496,1.0,3.0,0.5112477979764048,43.0,6.4,2.3,30.9,10.0,17.4,1080.0,9183.0,11.0,12.0,148.0,148.7,157.3,0.1526315789473684,0.0544662309368191,0.7312614259597806,0.2267573696145124,0.4110854503464203,0.5647840531561461,0.3095975232198142,11.0,12.0,4037
1,140,0.043460916796662086,1.0,2.0,0.4773625471951079,42.650000000000006,6.5,2.4,31.5,9.0,17.8,1092.0,9108.0,11.0,12.0,150.0,148.7,157.4,0.1548672566371681,0.0556900726392251,0.7423312883435582,0.2122015915119363,0.4189814814814815,0.5662650602409638,0.2865329512893983,11.0,12.0,1494
1,141,0.02877697841726623,1.0,3.0,0.5826635492773007,45.3,6.8,2.4,32.6,10.0,18.5,1117.0,13663.0,11.0,12.0,148.0,151.1,157.4,0.1528497409326425,0.0547445255474452,0.7359307359307359,0.2195121951219512,0.4152380952380952,0.5676470588235294,0.2985074626865671,11.0,12.0,6893
1,142,0.032689979512013356,1.0,3.0,0.5831372879925887,46.0,6.9,2.4,33.2,10.0,18.8,1130.0,11613.0,11.0,12.0,149.0,151.7,159.7,0.1528603770043753,0.0544871794871794,0.7332502078137988,0.2207505518763797,0.416,0.5683229813664596,0.3007518796992481,11.0,12.0,9244
1,143,0.02355316285329745,1.0,3.0,0.600381899271902,46.1,7.0,2.5,33.7,9.0,19.2,1142.0,15205.0,11.0,12.0,148.0,152.6,158.4,0.1555023923444976,0.0554216867469879,0.746987951807229,0.2077151335311572,0.4238281249999999,0.5692771084337348,0.2777777777777778,11.0,12.0,8581
1,144,0.023529174921066875,1.0,3.0,0.5913548151127508,46.2,7.1,2.5,34.2,9.0,19.5,1154.0,10905.0,12.0,12.0,149.0,153.05,159.6,0.1555555555555555,0.0552763819095477,0.7467362924281985,0.2088772845953002,0.4228571428571429,0.5696594427244582,0.2797202797202797,12.0,12.0,8356
1,145,0.03274394237066147,1.0,3.0,0.6364843419948103,46.8,7.2,2.5,34.3,9.0,19.5,1156.0,7450.0,12.0,12.0,153.0,154.5,161.5,0.1550925925925926,0.0551724137931034,0.7422969187675069,0.2150537634408602,0.4193548387096774,0.5694822888283378,0.2868852459016394,12.0,12.0,2387
1,146,0.03499835111694527,1.0,3.0,0.5925986818259512,47.9,7.3,2.6,34.9,10.0,20.0,1170.0,10871.0,12.0,12.0,154.0,154.3,162.5,0.15530373457284818,0.0553846153846153,0.7472222222222222,0.2083333333333333,0.425,0.5710306406685237,0.2787456445993031,12.0,12.0,13268
1,147,0.01776909972207863,1.0,3.0,0.5864094714138599,48.4,7.4,2.6,35.5,10.0,20.3,1185.0,9986.0,12.0,12.0,151.0,154.8,161.0,0.1545454545454545,0.0554016620498614,0.7424812030075187,0.2132196162046908,0.4244604316546763,0.5722070844686648,0.28668127753806816,12.0,12.0,4856
1,148,0.05144032921810693,1.0,3.0,0.6284407137395974,49.3,7.5,2.7,36.2,10.0,20.8,1201.0,10898.0,12.0,13.0,161.0,156.2,166.2,0.1557177615571776,0.055813953488372,0.7466442953020134,0.2083333333333333,0.427645788336933,0.5735735735735736,0.2786377708978328,12.0,13.0,6103
1,149,0.0579896907216495,1.0,3.0,0.5957170470235964,49.7,7.6,2.7,36.5,10.0,21.0,1207.0,10325.0,12.0,13.0,166.0,156.2,167.1,0.1561771561771562,0.0555555555555555,0.7486338797814207,0.2088772845953002,0.4268292682926829,0.5739644970414202,0.2797202797202797,12.0,13.0,6217
1,150,0.048703352308665515,1.0,3.0,0.535871839398303,47.5,7.4,2.6,35.4,8.0,20.2,1182.0,9202.0,12.0,13.0,163.0,155.7,165.0,0.1632653061224489,0.0569230769230769,0.7806004618937644,0.1728395061728395,0.4458438287153652,0.5722713864306784,0.2222222222222222,12.0,13.0,927
1,151,0.06278189982694449,1.0,3.0,0.5844739098186408,50.6,7.7,2.8,37.0,10.0,21.3,1218.0,9257.0,12.0,14.0,173.0,157.2,168.4,0.15543906909575644,0.0561497326203208,0.7454859618965763,0.20660177138046731,0.4297635605006953,0.5744680851063829,0.27652992953157174,12.0,14.0,1362
1,152,0.05263157894736836,1.0,3.0,0.5192267855675233,48.7,7.6,2.7,36.4,8.0,20.8,1205.0,9189.0,12.0,13.0,167.0,156.6,166.7,0.1624472573839662,0.0580645161290322,0.7835990888382688,0.1654846335697399,0.4471544715447154,0.5737265415549598,0.2102102102102102,12.0,13.0,765
1,153,0.04955223880597015,1.0,3.0,0.584159589750634,50.6,7.9,2.8,37.9,9.0,21.9,1238.0,12503.0,12.0,14.0,169.0,158.4,167.9,0.1587301587301587,0.0567514677103718,0.7628361858190709,0.1913875598086124,0.4366438356164384,0.5761772853185596,0.2515723270440251,12.0,14.0,4003
1,154,0.04054054054054035,1.0,3.0,0.6419563326943645,52.0,8.2,2.9,39.1,9.0,22.7,1265.0,16116.0,12.0,14.0,170.0,160.1,168.2,0.162037037037037,0.0571955719557195,0.7755834829443448,0.1785714285714285,0.4483260553129549,0.5784061696658098,0.2284263959390863,12.0,14.0,5471
1,155,0.04337050805452303,1.0,3.0,0.6520469906362368,52.2,8.3,2.9,39.6,9.0,22.9,1278.0,19394.0,12.0,14.0,171.0,160.9,168.9,0.1607717041800643,0.0568720379146919,0.771266540642722,0.1841620626151013,0.4444444444444445,0.5780487804878048,0.238095238095238,12.0,14.0,6461
1,156,0.041984732824427606,1.0,3.0,0.6277486361905118,51.9,8.3,2.9,39.9,8.0,23.1,1285.0,16273.0,13.0,14.0,173.0,161.0,168.9,0.1640449438202247,0.0577427821522309,0.7868852459016393,0.1652892561983471,0.4534574468085106,0.5784313725490197,0.2099737532808399,13.0,14.0,11644
1,157,0.02717357150712485,1.0,3.0,0.6981358802488361,54.5,8.8,3.0,41.7,10.0,24.3,1326.0,19869.0,13.0,13.0,166.0,162.95,168.3,0.160919540229885,0.056404997203057944,0.7725856697819314,0.1820388349514562,0.4470198675496689,0.5804020100502514,0.2365930599369085,13.0,13.0,1538
1,158,0.029544628570471465,1.0,3.0,0.6470942485343953,52.9,8.5,3.0,40.8,8.0,23.6,1304.0,4698.0,13.0,14.0,171.0,162.5,168.35000000000002,0.1638095238095238,0.058076225045372,0.7858585858585858,0.165837479270315,0.4520295202952029,0.5796019900497512,0.2120141342756183,13.0,14.0,2792
1,159,0.033903529854333536,1.0,3.0,0.6541928652459127,54.9,8.7,3.1,41.5,10.0,24.1,1322.0,16243.0,13.0,14.0,172.0,163.2,169.7,0.160741885625966,0.0572597137014314,0.7723785166240409,0.182648401826484,0.4472573839662447,0.5813953488372092,0.2358490566037736,13.0,14.0,9312
1,160,0.03692371853199872,1.0,3.0,0.6135410226817093,53.6,8.6,3.0,41.0,9.0,23.8,1309.0,19612.0,13.0,14.0,177.0,163.0,170.0,0.1624087591240876,0.0576540755467196,0.7761250535957014,0.1764705882352941,0.4493670886075949,0.5819477434679334,0.2259887005649717,13.0,14.0,5844
1,161,0.03132678132678124,1.0,3.0,0.6834602722793952,55.6,9.0,3.2,42.8,9.0,25.0,1350.5,21306.0,13.0,14.0,173.0,164.9,170.7,0.1624494934549974,0.0576923076923076,0.7768729641693811,0.17557872316574186,0.4531043593130779,0.583743842364532,0.2259887005649717,13.0,14.0,12004
1,162,0.05638496319876718,1.0,2.0,0.2841634430059721,44.8,7.6,2.7,36.6,9.0,21.2,1208.0,9228.0,13.0,15.0,185.5,157.8,166.9,0.1698113207547169,0.0603015075376884,0.7962003454231434,0.155440414507772,0.4796380090497737,0.5771428571428571,0.1952277657266811,13.0,15.0,82
1,163,0.02969388489790037,1.0,3.0,0.7205584942934777,57.6,9.4,3.4,45.3,9.0,26.5,1412.0,9271.0,13.0,15.0,181.0,166.6,171.6,0.1630252100840336,0.0588235294117647,0.7798319327731092,0.1680672268907563,0.4571428571428571,0.5866983372921615,0.2155172413793103,13.0,15.0,72
1,164,0.03632635656105232,1.0,2.0,0.3531234171770946,48.1,8.5,2.9,40.9,7.0,23.7,1306.0,9227.0,13.0,15.0,184.0,160.3,167.55,0.1694599627560521,0.0595903165735568,0.8100558659217877,0.1455301455301455,0.4748603351955307,0.5812672176308541,0.1813471502590673,13.0,15.0,32
1,165,0.022556390977443552,1.0,3.0,0.6606772324128822,56.2,9.1,3.2,43.8,9.0,25.6,1375.0,12296.0,13.0,14.0,177.0,166.4,170.6,0.1660516605166051,0.0579710144927536,0.7911877394636014,0.160513643659711,0.4613861386138614,0.5852534562211982,0.2028397565922921,13.0,14.0,3321
1,166,0.018604651162790642,1.0,3.0,0.6394074980332548,56.4,9.2,3.3,44.0,9.0,25.8,1380.0,15651.0,13.0,14.0,173.0,166.5,170.5,0.1660649819494584,0.0581395348837209,0.791866028708134,0.1616161616161616,0.4621072088724584,0.585427135678392,0.2040816326530612,13.0,14.0,3805
1,167,0.022629686724459752,1.0,3.0,0.628711386466108,57.0,9.3,3.3,44.7,9.0,26.2,1395.0,20316.0,13.0,15.0,180.0,166.8,171.3,0.1657559198542805,0.0581395348837209,0.794,0.1589825119236884,0.4631432545201668,0.5857461024498887,0.2,13.0,15.0,6196
1,168,0.0184219427249549,1.0,3.0,0.6293069935096629,56.6,9.3,3.3,44.7,9.0,26.1,1393.0,12360.5,14.0,15.0,180.0,167.2,171.0,0.1666666666666666,0.058409147299644346,0.7988077496274218,0.1549295774647887,0.4666192508297772,0.5858369098712446,0.1940402872280343,14.0,15.0,9290
1,169,0.016308978377943872,1.0,3.0,0.7071282099051068,59.0,9.7,3.4,46.5,9.0,27.4,1433.0,32805.5,14.0,14.0,178.0,169.0,172.3,0.16543964232488823,0.057471264367816,0.7909482758620691,0.16221698371799786,0.4619377162629758,0.5876068376068376,0.2043426066078605,14.0,14.0,1588
1,170,0.014276852180078015,1.0,3.0,0.5920029838993519,57.1,9.4,3.3,45.05,9.0,26.6,1402.5,4677.0,14.0,15.0,180.0,167.35000000000002,170.2,0.1663405088062622,0.0579915134370579,0.7978011356771777,0.15625,0.4649446494464944,0.5868131868131868,0.196078431372549,14.0,15.0,1974
1,171,0.014869888475836479,1.0,3.0,0.6476910497559648,58.8,9.6,3.4,45.7,10.0,26.9,1418.0,15868.0,14.0,15.0,180.0,168.7,171.7,0.1644736842105263,0.0580152671755725,0.7861386138613862,0.1661129568106312,0.4620060790273556,0.5879017013232515,0.2105263157894736,14.0,15.0,7055
1,172,0.01625788399139605,1.0,3.0,0.6128523859127554,58.4,9.6,3.4,46.0,10.0,27.1,1424.0,12366.0,14.0,15.0,183.0,168.5,171.6,0.1652470187393526,0.0579216354344122,0.7866434403195688,0.165837479270315,0.4627831715210356,0.5894267573971688,0.2092050209205021,14.0,15.0,3064
1,173,0.013674197384066611,1.0,3.0,0.6487724535661041,59.7,9.7,3.4,46.4,10.0,27.4,1434.0,18913.0,14.0,15.0,184.0,169.5,172.3,0.1651205936920222,0.0579710144927536,0.7867188701773405,0.16536521633446766,0.4625954198473282,0.5898933151742141,0.2103559870550161,14.0,15.0,8256
1,174,0.023238707247604906,1.0,2.0,0.4534089494786973,58.6,9.3,3.3,44.5,11.0,26.1,1391.0,20014.0,14.0,15.0,189.5,166.6,171.8,0.1651234567901234,0.0576576576576576,0.7839506172839507,0.17133187462198024,0.46194851789183433,0.5865168539325843,0.21815782642554288,14.0,15.0,150
1,175,0.01714961561206385,1.0,3.0,0.5818530931281065,58.4,9.5,3.4,45.5,8.0,26.6,1410.0,9223.0,14.0,15.0,185.0,169.0,171.5,0.1698369565217391,0.0594594594594594,0.7961783439490446,0.1584158415841584,0.4746835443037975,0.5864661654135338,0.2,14.0,15.0,85
1,176,0.011624919262015143,1.0,3.0,0.690947441744975,63.1,10.2,3.7,48.1,9.0,28.6,1476.0,9272.0,14.0,15.0,186.0,171.1,173.2,0.1602434077079107,0.0576540755467196,0.772819472616633,0.1825557809330628,0.4421906693711968,0.594392523364486,0.2362204724409448,14.0,15.0,38
1,177,0.009433962264150941,1.0,3.0,0.6187878471592061,60.3,9.9,3.5,47.0,9.0,27.8,1447.0,5413.0,14.0,15.0,184.0,170.2,172.0,0.1666666666666666,0.0581196581196581,0.7949923719853844,0.1573426573426573,0.4681978798586572,0.5909090909090909,0.19837452585782833,14.0,15.0,2242
1,178,0.009217687489203596,1.0,3.0,0.6189712999823828,59.45,9.9,3.5,47.1,9.0,27.7,1449.0,16649.0,14.0,15.0,185.0,170.5,172.4,0.1669724770642201,0.058577094151931394,0.7984962406015038,0.1515151515151515,0.468953810417225,0.5895196506550219,0.1890756302521008,14.0,15.0,2466
1,179,0.009216592919986999,1.0,3.0,0.5546446639473189,59.8,9.8,3.4,47.1,9.0,27.7,1447.0,7026.0,14.0,15.0,185.0,169.8,172.0,0.1660714285714286,0.058027079303675,0.7926829268292682,0.1578050761363861,0.46677633683851283,0.5896860986547086,0.198019801980198,14.0,15.0,2824
1,180,0.008266903584521534,1.0,3.0,0.5923053438601732,59.7,9.9,3.5,47.2,9.0,27.9,1453.0,16117.5,15.0,15.0,185.0,170.6,172.4,0.16839793480773674,0.0585365853658536,0.8048359240069085,0.1470588235294117,0.4723076923076923,0.5900621118012422,0.183066361556064,15.0,15.0,5368
1,181,0.00526780086058054,1.0,3.0,0.6675877808083319,61.6,10.3,3.5,48.849999999999994,9.0,28.9,1488.0,30704.0,15.0,15.0,185.0,172.0,173.35000000000002,0.16716481830105012,0.058288975716564245,0.8024321973257755,0.1493776962364258,0.47130943782069923,0.5919389690337024,0.1863354037267081,15.0,15.0,696
1,182,0.005025150693728997,1.0,3.0,0.6065040750558388,61.3,10.2,3.6,48.6,10.0,28.7,1483.0,7005.0,15.0,15.0,185.0,171.25,172.5,0.16620240512017845,0.05791241668618635,0.7938144329896907,0.15902816317641844,0.470414201183432,0.5914287995818572,0.200748846871073,15.0,15.0,554
1,183,0.007927519818799578,1.0,3.0,0.5628724015972704,60.9,10.1,3.5,47.8,10.0,28.3,1466.0,16430.0,15.0,15.0,190.0,170.8,172.5,0.1654357459379615,0.0579470198675496,0.789568345323741,0.1630434782608695,0.4649999999999999,0.5912698412698413,0.205761316872428,15.0,15.0,3485
1,184,0.011183048852266175,1.0,3.0,0.5749932931652371,61.9,10.0,3.6,47.6,9.0,28.4,1462.0,4240.0,15.0,16.0,202.0,171.2,173.8,0.1669172932330827,0.0589777195281782,0.7933130699088147,0.1550387596899224,0.4700854700854701,0.5928270042194094,0.196078431372549,15.0,16.0,735
1,185,0.008750213746653412,1.0,3.0,0.5670870605506716,61.8,10.2,3.5,48.25,10.0,28.6,1475.0,16426.0,15.0,16.0,202.0,171.3,173.2,0.1659324522760646,0.0578947368421052,0.7889344262295083,0.1622418879056047,0.4661016949152542,0.593186372745491,0.2052238805970149,15.0,16.0,2306
1,186,0.01230425055928408,1.0,2.0,0.3275380321250957,63.1,9.1,3.4,43.5,8.0,25.6,1373.0,9253.0,15.0,16.0,196.0,167.8,171.7,0.1744186046511628,0.05859375,0.8312693498452014,0.1238390092879257,0.4813953488372093,0.591016548463357,0.1489757914338919,15.0,16.0,43
1,187,0.008182844243792342,1.0,4.0,0.8782879783998001,68.1,10.5,3.8,50.8,14.0,29.9,1534.0,9228.0,15.0,16.0,199.5,177.2,178.64999999999998,0.1541850220264317,0.0558002936857562,0.7459618208516887,0.2055800293685756,0.4390602055800294,0.5885826771653543,0.2755905511811024,15.0,16.0,4
1,188,0.00907441016333932,1.0,1.0,0.1788642059091166,58.8,9.0,3.2,43.1,13.0,25.5,1358.0,9279.0,15.0,17.0,206.0,165.3,167.3,0.1530612244897959,0.054421768707483,0.7329931972789117,0.2210884353741496,0.4336734693877551,0.5916473317865429,0.3016241299303944,15.0,17.0,9
1,189,0.01348182883939053,1.0,3.0,0.6331321476610229,61.5,10.4,3.6,49.7,10.0,29.3,1509.0,9254.0,15.0,16.0,200.0,172.9,174.3,0.1663920922570016,0.0560131795716639,0.7907742998352553,0.1647446457990115,0.4695222405271828,0.5932203389830508,0.2083333333333333,15.0,16.0,41
1,190,0.009080590238365716,1.0,3.0,0.5408323822950428,62.7,10.4,3.6,49.3,10.0,29.3,1500.0,25091.0,15.0,17.0,204.0,171.7,173.5,0.1664355062413315,0.0581395348837209,0.7943396226415095,0.1598579040852575,0.4690949227373068,0.5935613682092555,0.2012072434607645,15.0,17.0,6363
1,191,0.0068846815834766595,1.0,3.0,0.5922612754721123,62.2,10.4,3.6,49.2,9.0,29.2,1497.0,519475.0,15.0,16.0,197.0,172.6,174.2,0.1666666666666666,0.0580912863070539,0.7983471074380165,0.154320987654321,0.4710920770877944,0.5916824196597353,0.1945525291828793,15.0,16.0,263
1,192,0.009818077630706523,1.0,2.0,0.5003575622500268,62.5,10.4,3.6,49.3,9.0,29.2,1499.0,17979.0,16.0,17.0,206.0,171.4,173.2,0.1677852348993288,0.0580847723704866,0.7978533094812165,0.1535508637236084,0.4730769230769231,0.59375,0.1927194860813704,16.0,17.0,4562
1,193,0.00848210767939428,1.0,3.0,0.6176385683363091,65.7,10.3,3.6,48.95,12.0,29.05,1492.0,508809.0,16.0,17.0,207.0,173.2,174.6,0.1594202898550724,0.056,0.7602339181286549,0.1929824561403508,0.4532745120434528,0.592436974789916,0.2534562211981567,16.0,17.0,328
1,194,0.003459212734104211,1.0,3.0,0.6864211703875749,64.05,10.6,3.7,50.4,9.0,29.95,1523.0,26884.0,16.0,16.5,200.5,174.35000000000002,174.9,0.16790239469635165,0.0582362728785357,0.7978533094812165,0.1547987616099071,0.4735162180814354,0.5949219847605824,0.1931700995956471,16.0,16.5,286
1,195,0.00611450806003333,1.0,3.0,0.5103301627280491,63.5,10.4,3.6,49.4,11.0,29.4,1504.0,17724.0,16.0,17.0,207.0,171.9,173.2,0.1642969984202212,0.0574018126888217,0.782991202346041,0.171606864274571,0.4642857142857143,0.59375,0.2182539682539682,16.0,17.0,2215
1,196,0.0078020582731890276,1.0,3.0,0.6147458332512045,58.8,10.1,3.4,48.2,10.0,28.6,1473.0,9255.0,16.0,17.0,209.0,173.5,174.65,0.1611721611721611,0.0578231292517006,0.7637362637362638,0.1831501831501831,0.4487179487179487,0.591774647887324,0.2398081534772182,16.0,17.0,42
1,197,0.005257009345794428,1.0,3.0,0.536056531071795,65.1,10.6,3.7,50.1,11.0,29.9,1519.0,25083.0,16.0,17.0,209.0,172.5,173.7,0.1644444444444444,0.0573888091822094,0.78125,0.1720841300191204,0.4641744548286604,0.5963488843813387,0.2202643171806167,16.0,17.0,3543
1,198,0.0071428571428571175,1.0,3.0,0.5079168945121739,59.2,10.3,3.5,49.1,7.0,29.0,1491.0,9255.0,16.0,17.0,212.0,172.2,173.4,0.1739864864864864,0.0591216216216216,0.8293918918918919,0.1182432432432432,0.4898648648648648,0.5919282511210762,0.1425661914460285,16.0,17.0,22
1,199,0.001991873866873939,2.0,3.0,0.7398058499596207,81.9,12.6,4.4,59.35,19.0,36.0,1731.0,9225.5,16.0,16.0,201.0,175.75,176.10000000000002,0.15379454001350906,0.053717153673763604,0.7243771443396887,0.23232303652665054,0.43937249966823766,0.6065013938669852,0.3222819593787335,16.0,16.0,2
1,200,0.0032379924446843678,1.0,3.0,0.6885474240684619,71.0,10.4,3.8,49.3,14.0,29.4,1504.0,9189.0,16.0,16.0,203.0,175.0,175.4,0.1614497528830313,0.0575719649561952,0.7677100494233937,0.1812191103789126,0.4514003294892915,0.5964285714285714,0.2360515021459227,16.0,16.0,9
1,202,0.005172413793103514,1.0,3.0,0.5168728849212154,64.8,10.6,3.7,50.5,11.0,30.1,1526.0,18010.0,16.0,17.0,214.0,172.7,173.8,0.1649782923299566,0.0574948665297741,0.7848297213622292,0.1675977653631284,0.4649446494464944,0.5958646616541353,0.2142857142857142,16.0,17.0,3831
1,203,0.004201680672269115,1.0,3.0,0.6025669447817459,65.2,10.7,3.8,51.1,11.0,30.6,1540.0,508825.0,16.0,17.0,209.0,174.0,174.8,0.1658692185007974,0.0566037735849056,0.784688995215311,0.1672240802675585,0.46677471636953,0.5964523281596452,0.2132196162046908,16.0,17.0,221
1,204,0.005558643690939391,1.0,3.0,0.5114876305425029,64.4,10.7,3.7,50.6,10.0,30.2,1529.0,17886.0,17.0,17.0,214.0,172.8,173.9,0.1666666666666666,0.057660626029654,0.7932551319648093,0.1612903225806451,0.4698113207547169,0.5955473098330242,0.2031602708803611,17.0,17.0,2539
1,205,0.005780346820809301,1.0,3.0,0.5487495277942579,68.0,10.9,3.8,52.1,12.0,30.9,1562.0,28386.5,17.0,17.0,215.0,173.4,174.25,0.1629746835443038,0.0568181818181818,0.7737341772151898,0.18146332117990072,0.4602272727272726,0.59441949700399,0.23590537477739998,17.0,17.0,272
1,206,0.0030111436796991242,1.0,3.0,0.5286747999665052,66.6,11.0,3.9,52.150000000000006,11.0,31.4,1562.0,20386.5,17.0,17.0,209.0,173.2,173.5,0.16432278793870486,0.057382813265166144,0.7834327917282127,0.1714285714285714,0.46700082338410864,0.598095238095238,0.218978102189781,17.0,17.0,236
1,207,0.0027382658709199648,1.0,3.0,0.522901440940057,65.69999999999999,10.8,3.7,51.4,12.0,30.75,1549.0,17308.0,17.0,17.0,214.0,173.2,173.7,0.16434732994216972,0.05704963890277495,0.7784431137724551,0.1729106628242074,0.4639769452449567,0.5971943887775552,0.2234636871508379,17.0,17.0,742
1,208,0.003537735849056478,1.0,2.0,0.4454322386008018,63.8,10.2,3.5,47.6,11.0,28.5,1464.0,17799.0,17.0,17.0,214.0,172.2,172.8,0.1611295681063122,0.0564784053156146,0.7674418604651163,0.1827242524916943,0.4501661129568106,0.5950266429840142,0.238095238095238,17.0,17.0,61
1,209,0.0027723923524706207,1.0,3.0,0.5041940918723875,66.0,10.8,3.8,51.2,11.0,30.6,1544.0,20379.5,17.0,18.0,216.0,173.1,173.8,0.1635514018691588,0.0569948186528497,0.7770388269537043,0.1773049645390071,0.4628164847683093,0.597609561752988,0.2291666666666666,17.0,18.0,1322
1,210,0.002924114528217836,1.5,2.0,0.3924275231146567,68.85,9.95,3.6,47.45,18.5,28.05,1459.5,9278.5,17.0,17.0,212.0,171.10000000000002,171.60000000000002,0.1482978799566863,0.05324494599214265,0.7082691980705726,0.25000447455321584,0.4175351028699784,0.5902750171659861,0.37015286762314337,17.0,17.0,2
1,212,0.0023477599188993503,1.0,3.0,0.6804300009475122,67.4,11.2,3.8,53.0,11.0,31.7,1582.0,9255.0,17.0,17.5,218.5,175.9,176.3,0.1661721068249257,0.0575692963752665,0.7863501483679525,0.1632047477744806,0.4703264094955489,0.5981132075471698,0.2075471698113207,17.0,17.5,6
1,214,0.0029239766081872176,1.0,2.0,0.4968371510472531,67.7,10.9,3.8,52.0,12.0,31.1,1560.0,17855.0,17.0,18.0,217.0,173.4,174.0,0.1618075801749271,0.0565149136577707,0.7671601615074024,0.1870324189526184,0.4582723279648609,0.5966228893058162,0.2439024390243902,17.0,18.0,1005
1,215,0.003968735942420087,1.0,3.0,0.534100721243525,70.05,11.4,3.9,54.0,13.0,32.45,1606.0,28507.5,17.0,18.0,219.0,174.0,174.95,0.1640079886742845,0.055383675691466,0.7785555725925049,0.1770927445548694,0.465562853493888,0.5995013699845808,0.2282487697636271,17.0,18.0,96
1,216,0.003908431044109539,1.0,3.0,0.5284146559806993,68.5,11.0,3.8,52.2,13.0,31.3,1568.0,17371.0,18.0,18.0,221.0,174.0,174.7,0.160919540229885,0.0559646539027982,0.7638668779714739,0.1901743264659271,0.4564459930313589,0.5976789168278529,0.2488687782805429,18.0,18.0,289
1,217,0.003420912685461963,1.0,2.0,0.37718807179969654,63.349999999999994,10.55,3.5,49.95,12.0,29.75,1513.0,28735.5,18.0,18.0,221.0,171.95,172.5,0.16127796871155414,0.0556557071240684,0.7682115468591307,0.188210372402018,0.4579014971476711,0.5941239162960382,0.24475417074622274,18.0,18.0,66
1,218,0.001762632197414904,1.0,2.0,0.2592857147792752,64.6,11.8,3.8,55.7,12.0,33.6,1643.0,519638.0,18.0,18.0,221.0,170.2,170.5,0.1560402684563758,0.0570469798657718,0.7466442953020134,0.2013422818791946,0.4412751677852349,0.5951134380453753,0.2696629213483146,18.0,18.0,3
1,219,0.002309468822170979,1.0,3.0,0.5470581008321591,72.3,11.3,4.0,53.8,14.0,32.1,1606.0,28517.0,18.0,18.0,221.0,174.5,175.2,0.1562932226832642,0.0560747663551401,0.7441217150760719,0.2074688796680498,0.4439834024896266,0.597173144876325,0.2788104089219331,18.0,18.0,19
1,221,0.0022766078542970636,1.0,4.0,0.847680981754769,74.9,11.7,4.2,55.9,14.0,33.1,1653.0,519612.0,18.0,18.0,224.0,179.8,180.1,0.1602136181575433,0.0555555555555555,0.7596795727636848,0.1869158878504672,0.4560375146541617,0.5975395430579965,0.2460456942003515,18.0,18.0,13
1,224,0.000845021033453297,1.5,3.5,0.7459448064461429,83.7,11.149999999999999,4.050000000000001,53.099999999999994,27.0,31.65,1589.0,519624.5,18.0,18.0,227.0,178.25,178.4,0.1396071700991609,0.050262204424103646,0.6646977498093058,0.29123760488176953,0.39445556826849726,0.5945744005110939,0.4688331858553296,18.0,18.0,2
2,50,0.009090909090909038,1.0,4.0,0.9512481411416966,18.0,6.0,6.0,11.2,6.0,6.0,1007.0,515572.0,4.0,5.0,60.0,110.0,111.0,0.3333333333333333,0.3333333333333333,0.6222222222222222,0.3333333333333333,0.3333333333333333,0.5357142857142857,0.5357142857142857,4.0,5.0,1
2,53,0.15315315315315314,1.0,4.0,0.933073856101192,20.0,10.0,10.0,18.6,10.0,10.0,876.0,515568.0,4.0,5.0,63.0,111.0,128.0,0.5,0.5,0.93,0.5,0.5,0.5376344086021505,0.5376344086021505,4.0,5.0,2
2,62,0.2857142857142858,2.0,3.0,0.7238163283369796,22.0,10.0,10.0,18.6,10.0,10.0,876.0,515568.0,5.0,5.0,64.0,112.0,144.0,0.4545454545454545,0.4545454545454545,0.8454545454545456,0.4545454545454545,0.4545454545454545,0.5376344086021505,0.5376344086021505,5.0,5.0,1
2,66,0.006493506493506551,1.0,4.0,1.0,38.9,6.8,2.6,34.8,13.0,18.7,1119.0,524389.0,5.0,6.0,73.0,154.0,155.0,0.1748071979434447,0.0668380462724935,0.8946015424164524,0.3341902313624679,0.480719794344473,0.5373563218390804,0.3735632183908046,5.0,6.0,1
2,79,0.017196904557179815,1.0,1.0,0.139547674710534,19.9,3.0,1.2,13.6,5.0,7.3,711.0,526973.0,6.0,6.0,82.0,113.4,116.3,0.1457286432160804,0.0552763819095477,0.6381909547738693,0.2512562814070352,0.3417085427135679,0.5367647058823529,0.3937007874015748,6.0,6.0,13
2,80,0.08552074513124475,1.0,2.0,0.4889312927762207,23.0,3.6,1.2,17.1,5.0,8.7,761.0,23731.0,6.0,8.0,101.0,118.7,128.9,0.1565217391304348,0.0522088353413654,0.7560975609756098,0.2127659574468085,0.3787234042553191,0.5114942528735633,0.2793296089385475,6.0,8.0,721
2,81,0.0708828330216521,1.0,3.0,0.5481890980499332,22.8,3.6,1.2,17.4,4.0,8.9,768.0,23608.5,6.0,8.0,98.0,119.9,129.3,0.1592039800995024,0.0544747081712062,0.7612612612612613,0.196078431372549,0.3886255924170615,0.5125,0.2577319587628866,6.0,8.0,14604
2,82,0.07178424436767561,1.0,3.0,0.5393370100234709,23.0,3.7,1.2,17.5,4.0,9.0,771.0,28418.0,6.0,8.0,98.0,120.3,129.5,0.1590909090909091,0.0543933054393305,0.762135922330097,0.193798449612403,0.390625,0.5142857142857142,0.2531645569620253,6.0,8.0,17364
2,83,0.06939799331103691,1.0,3.0,0.5556500801400369,22.9,3.7,1.3,17.8,4.0,9.2,777.0,14714.0,6.0,8.0,99.0,121.0,130.2,0.1618497109826589,0.0552995391705069,0.7777777777777778,0.1785714285714285,0.3983739837398374,0.514792899408284,0.2293577981651376,6.0,8.0,20565
2,84,0.07416267942583721,1.0,3.0,0.5724701084485397,23.4,3.8,1.3,18.1,4.0,9.3,784.0,14395.0,7.0,8.0,101.0,121.7,131.6,0.1611570247933884,0.0549450549450549,0.7743190661478598,0.1801801801801802,0.3978494623655914,0.5170454545454545,0.2325581395348837,7.0,8.0,20145
2,85,0.05683718455457587,1.0,3.0,0.5567116923250582,23.6,3.8,1.3,18.0,4.0,9.3,783.0,27826.0,7.0,8.0,98.0,122.0,129.55,0.16,0.0552879605400273,0.7698412698412698,0.184331797235023,0.396039603960396,0.516304347826087,0.238095238095238,7.0,8.0,3914
2,86,0.07319186461030425,1.0,3.0,0.549174342606269,23.9,3.8,1.3,18.2,4.0,9.4,787.0,21727.0,7.0,8.0,101.0,122.4,132.1,0.159533073929961,0.0546218487394958,0.7654320987654322,0.1908396946564885,0.3952702702702702,0.5187165775401069,0.2487562189054726,7.0,8.0,32404
2,87,0.07475483650425696,1.0,3.0,0.509184301502409,23.9,3.8,1.3,18.2,5.0,9.4,787.0,13018.0,7.0,8.0,106.0,122.4,132.4,0.1590909090909091,0.0547263681592039,0.7624309392265193,0.1941747572815534,0.3939393939393939,0.5191256830601093,0.2538071065989847,7.0,8.0,18424
2,88,0.07618665750181375,1.0,3.0,0.5583794648342166,24.6,3.9,1.3,18.4,5.0,9.6,791.0,20610.0,7.0,8.0,106.0,123.5,133.5,0.1569506726457399,0.0542986425339366,0.7511424100156494,0.2054794520547945,0.3892617449664429,0.5210526315789474,0.2747252747252747,7.0,8.0,17808
2,89,0.07779578606158832,1.0,3.0,0.5350148545553434,24.8,3.9,1.3,18.6,5.0,9.7,796.0,18952.0,7.0,9.0,108.0,123.7,134.2,0.1563786008230452,0.0542372881355932,0.75,0.205761316872428,0.3892617449664429,0.5215053763440859,0.2747252747252747,7.0,9.0,28057
2,90,0.05610396960142294,1.0,2.0,0.4397965583995916,23.6,3.9,1.3,18.15,4.0,9.5,787.0,8951.0,7.0,8.0,102.0,123.0,131.05,0.1606784279977051,0.0558375634517766,0.7725321888412017,0.1818181818181818,0.3954545454545454,0.5193370165745856,0.2352941176470588,7.0,8.0,1194
2,91,0.08893871449925239,1.0,3.0,0.5757167824751789,25.4,3.9,1.4,18.9,5.0,9.9,804.0,9408.0,7.0,9.0,113.0,125.2,136.6,0.1567567567567567,0.0548523206751054,0.7534883720930232,0.2024291497975708,0.3918367346938775,0.5228426395939086,0.267379679144385,7.0,9.0,7411
2,92,0.0905982905982905,1.0,2.0,0.3805359395121978,23.9,3.8,1.3,18.3,4.0,9.5,787.0,8950.0,7.0,9.0,114.0,123.2,134.6,0.1608391608391608,0.0555555555555555,0.7665369649805447,0.1877934272300469,0.3980582524271844,0.519774011299435,0.2450980392156863,7.0,9.0,2591
2,93,0.06485188150520416,1.0,3.0,0.5384082959867275,25.4,4.0,1.4,19.2,5.0,10.1,811.0,13235.0,7.0,9.0,110.0,125.7,134.9,0.1576763485477178,0.0552995391705069,0.7562724014336919,0.2008032128514056,0.3952569169960474,0.5252525252525253,0.2631578947368421,7.0,9.0,16091
2,94,0.0678913738019169,1.0,3.0,0.5315193052946272,25.9,4.1,1.4,19.6,5.0,10.3,819.0,21898.0,7.0,9.0,111.0,126.1,135.5,0.1578947368421052,0.0547945205479452,0.7575757575757576,0.1984126984126984,0.3962264150943396,0.526829268292683,0.2617801047120419,7.0,9.0,19446
2,95,0.06636834447870366,1.0,3.0,0.528540896201714,25.6,4.1,1.5,19.6,5.0,10.3,819.0,13333.0,7.0,9.0,111.0,126.55,136.0,0.1598173515981735,0.0559701492537313,0.7667844522968198,0.1860465116279069,0.4028268551236749,0.526712506486767,0.2427184466019417,7.0,9.0,21434
2,96,0.06893939393939386,1.0,3.0,0.5556143094834051,26.0,4.1,1.5,20.1,5.0,10.6,830.0,11132.0,8.0,9.0,113.0,127.4,137.3,0.1594202898550724,0.055793991416309,0.7661290322580645,0.1892744479495268,0.4029850746268656,0.5285714285714286,0.2463054187192118,8.0,9.0,19677
2,97,0.051282051282051544,1.0,3.0,0.5334455681559375,26.4,4.1,1.5,20.0,5.0,10.6,829.0,24702.0,8.0,9.0,110.0,127.6,135.2,0.1567796610169491,0.0547945205479452,0.7551020408163265,0.202020202020202,0.396,0.5287958115183246,0.2666666666666666,8.0,9.0,3991
2,98,0.07018205892088725,1.0,3.0,0.5489753163274348,26.8,4.2,1.5,20.2,5.0,10.7,833.0,18377.0,8.0,9.0,113.0,128.3,138.2,0.156794425087108,0.055045871559633,0.7545787545787546,0.2016129032258064,0.3968253968253968,0.5294117647058825,0.267379679144385,8.0,9.0,32022
2,99,0.06747470428210534,1.0,3.0,0.5195657633343037,27.0,4.2,1.5,20.3,5.0,10.8,836.0,11787.0,8.0,9.0,117.0,128.4,138.4,0.156,0.0551724137931034,0.7500000000000001,0.205761316872428,0.3962962962962962,0.5303030303030303,0.2732240437158469,8.0,9.0,16808
2,100,0.07165354330708662,1.0,3.0,0.571828713745349,27.7,4.2,1.5,20.5,6.0,10.9,840.0,14540.0,8.0,9.0,118.0,129.6,139.6,0.1544117647058823,0.0549450549450549,0.7428571428571429,0.2140672782874617,0.3931034482758621,0.5323383084577114,0.2880658436213991,8.0,9.0,17231
2,101,0.07554517133956384,1.0,3.0,0.528217295794425,28.0,4.3,1.6,20.6,6.0,11.0,843.0,14398.0,8.0,10.0,120.0,129.5,140.3,0.1532567049808429,0.054421768707483,0.736625514403292,0.220125786163522,0.3895131086142322,0.5324074074074073,0.2978723404255319,8.0,10.0,26125
2,102,0.055773762765121804,1.0,2.0,0.4466484343642401,26.4,4.2,1.5,20.1,5.0,10.6,831.0,9001.0,8.0,9.0,116.0,128.9,137.3,0.1566265060240964,0.0557491289198606,0.7552742616033755,0.199203187250996,0.3984962406015037,0.53,0.2643171806167401,8.0,9.0,1539
2,103,0.08080808080808088,1.0,2.0,0.4985366695602946,28.3,4.3,1.6,20.8,6.0,11.1,848.0,8998.0,8.0,10.0,123.0,130.1,141.8,0.1522388059701492,0.0543933054393305,0.7322033898305085,0.2238805970149253,0.3895027624309392,0.5323383084577114,0.3043478260869565,8.0,10.0,6489
2,104,0.08305174051999653,1.0,2.0,0.3607476673393891,27.4,4.2,1.5,20.4,6.0,10.9,838.0,8927.0,8.0,10.0,125.0,128.7,140.5,0.1556291390728477,0.0546218487394958,0.7474402730375426,0.204778156996587,0.397489539748954,0.5311004784688995,0.273972602739726,8.0,10.0,2300
2,105,0.06240713224368499,1.0,3.0,0.5130061929794849,28.4,4.4,1.6,21.3,6.0,11.4,858.0,14136.0,8.0,10.0,120.0,131.3,140.6,0.1554770318021201,0.0557491289198606,0.7481203007518796,0.2090592334494773,0.3978494623655914,0.5353982300884955,0.2790697674418604,8.0,10.0,14126
2,106,0.06681514476614692,1.0,3.0,0.5343680926625569,29.6,4.5,1.6,21.8,6.0,11.7,870.0,18431.0,8.0,10.0,122.0,132.1,142.0,0.1538461538461538,0.0546874999999999,0.7396825396825397,0.2150537634408602,0.3956521739130434,0.537037037037037,0.2912621359223301,8.0,10.0,18225
2,107,0.06346749226006199,1.0,3.0,0.5270449520544154,29.1,4.5,1.6,21.9,6.0,11.8,871.0,13989.0,8.0,10.0,122.0,132.5,141.9,0.156,0.0559210526315789,0.7523510971786834,0.2027027027027027,0.4024767801857585,0.5373134328358209,0.2702702702702703,8.0,10.0,19585
2,108,0.06610913035755084,1.0,3.0,0.5392995505078519,29.7,4.6,1.7,22.2,6.0,11.9,879.0,9677.0,9.0,10.0,124.0,133.2,143.4,0.15625,0.0557377049180327,0.7528409090909091,0.2040816326530612,0.4031620553359683,0.5384615384615384,0.2702702702702703,9.0,10.0,17774
2,109,0.056317689530686055,1.0,2.0,0.5022762760201555,30.3,4.6,1.7,22.1,6.0,11.9,877.0,14362.0,9.0,10.0,123.0,133.2,142.5,0.1533546325878594,0.055350553505535,0.7372549019607844,0.2181818181818181,0.3957055214723926,0.537117903930131,0.2955665024630541,9.0,10.0,4225
2,110,0.06864274570982842,1.0,3.0,0.5354706275940722,30.7,4.7,1.7,22.5,7.0,12.1,885.0,14628.0,9.0,10.0,125.0,134.2,144.6,0.1525423728813559,0.0547112462006079,0.734006734006734,0.2229299363057325,0.3944636678200692,0.5394736842105263,0.3043478260869565,9.0,10.0,29567
2,111,0.06312412873815842,1.0,2.0,0.4989790000898463,30.8,4.7,1.7,22.5,7.0,12.2,887.0,10525.0,9.0,10.0,125.0,134.2,144.3,0.1527777777777778,0.0549828178694158,0.7358490566037735,0.220125786163522,0.3947368421052631,0.5398230088495575,0.2978723404255319,9.0,10.0,14392
2,112,0.06765515805063171,1.0,3.0,0.5317428733217245,31.4,4.7,1.7,22.6,7.0,12.2,889.0,12615.0,9.0,10.0,129.0,135.2,145.7,0.1513353115727002,0.0546218487394958,0.7277628032345013,0.2292263610315186,0.3917525773195876,0.5409090909090909,0.3139013452914798,9.0,10.0,16758
2,113,0.07249626307922252,1.0,3.0,0.5163157124377833,32.1,4.8,1.7,23.0,7.0,12.5,898.0,13239.0,9.0,10.0,130.0,135.5,146.8,0.1506493506493506,0.0544871794871794,0.7242424242424242,0.2332361516034985,0.3906810035842294,0.542016806722689,0.3211009174311926,9.0,10.0,24271
2,114,0.0602498163115357,1.0,2.0,0.4719652110520683,30.9,4.7,1.7,22.7,7.0,12.2,891.0,9008.0,9.0,10.0,128.0,135.4,145.0,0.1547619047619047,0.0557491289198606,0.7410714285714285,0.2083333333333333,0.4023904382470119,0.5407725321888411,0.2766798418972332,9.0,10.0,1669
2,115,0.073773525345873,1.0,2.0,0.4890657016276837,32.0,4.8,1.7,23.0,8.0,12.5,899.0,9056.0,9.0,11.0,134.0,136.2,147.3,0.1504424778761061,0.0543806646525679,0.7211538461538461,0.2352941176470588,0.391459074733096,0.5421686746987953,0.3260869565217391,9.0,11.0,6130
2,116,0.07490636704119846,1.0,2.0,0.4454179556580478,31.4,4.8,1.7,22.9,7.0,12.4,894.0,9032.0,9.0,11.0,134.0,136.1,147.2,0.1538461538461538,0.0551724137931034,0.7381818181818182,0.2205882352941176,0.3970588235294118,0.5411255411255411,0.2966101694915254,9.0,11.0,1955
2,117,0.05786350148367947,1.0,3.0,0.5091862912712909,32.9,4.9,1.8,23.7,7.0,12.9,914.0,13988.0,9.0,10.0,131.0,137.6,146.8,0.1517615176151761,0.055045871559633,0.7294520547945206,0.2277904328018223,0.3956043956043956,0.544,0.3115264797507788,9.0,10.0,12761
2,118,0.06324404761904767,1.0,3.0,0.5256183152086363,34.0,5.1,1.8,24.5,8.0,13.4,932.0,15226.0,9.0,11.0,133.0,138.4,148.2,0.1510791366906475,0.0545454545454545,0.7267605633802817,0.2301790281329923,0.3949367088607595,0.5462184873949579,0.3169014084507042,9.0,11.0,16319
2,119,0.055980545159189044,1.0,3.0,0.5089925786827917,33.3,5.1,1.8,24.3,7.0,13.3,928.0,13988.0,9.0,11.0,132.0,138.7,147.6,0.1540469973890339,0.0552325581395348,0.7413793103448276,0.2142857142857142,0.4029850746268656,0.5454545454545454,0.2890173410404624,9.0,11.0,17244
2,120,0.055519268451992065,1.0,3.0,0.5247059773700656,33.9,5.1,1.8,24.6,7.0,13.5,935.0,9800.0,10.0,11.0,134.0,139.5,148.7,0.1540785498489426,0.0553846153846153,0.7415730337078651,0.2136752136752137,0.4049999999999999,0.5470085470085471,0.2884615384615384,10.0,11.0,16251
2,121,0.05066521391638357,1.0,3.0,0.5272281677736336,35.1,5.2,1.8,24.9,8.0,13.6,941.0,7304.0,10.0,11.0,134.0,140.1,148.5,0.1494252873563218,0.0543806646525679,0.7216216216216216,0.23690446495385376,0.3923528043593833,0.547244094488189,0.3296703296703296,10.0,11.0,3910
2,122,0.057569296375266754,1.0,3.0,0.5297663396584776,35.1,5.3,1.9,25.2,8.0,13.8,948.0,12652.0,10.0,11.0,136.0,140.7,150.1,0.15130868142737575,0.0547550432276657,0.7277777777777777,0.2287581699346405,0.3978201634877383,0.5481171548117155,0.3139013452914798,10.0,11.0,26596
2,123,0.04984345069669305,1.0,3.0,0.5065274767637037,35.6,5.3,1.9,25.4,8.0,13.9,952.0,10637.0,10.0,11.0,135.0,140.9,149.4,0.1503067484662576,0.0544554455445544,0.7210682492581602,0.2359882005899705,0.3947368421052631,0.5483870967741935,0.3278688524590163,10.0,11.0,12720
2,124,0.05365490167569342,1.0,3.0,0.5283065246722958,35.8,5.3,1.9,25.5,8.0,14.1,956.0,10611.0,10.0,11.0,136.0,141.8,150.9,0.1506024096385542,0.055045871559633,0.7229729729729729,0.2318840579710145,0.3980891719745223,0.5499999999999999,0.32,10.0,11.0,14880
2,125,0.05276872964169388,1.0,3.0,0.5243647429774544,36.6,5.4,2.0,26.0,9.0,14.3,967.0,13131.0,10.0,11.0,137.0,142.3,151.5,0.1490683229813664,0.0544747081712062,0.7174515235457063,0.2385321100917431,0.393939393939394,0.5513307984790874,0.3321033210332103,10.0,11.0,20201
2,126,0.05073995771670181,1.0,2.0,0.4196047305738143,35.8,5.3,1.9,25.5,8.0,14.0,953.0,9059.0,10.0,11.0,138.0,141.2,150.3,0.1507760532150776,0.0552147239263803,0.727979274611399,0.2293577981651376,0.3990929705215419,0.5483870967741935,0.311284046692607,10.0,11.0,1639
2,127,0.045839302769818624,1.0,2.0,0.486006877446912,36.9,5.4,2.0,25.9,9.0,14.2,966.0,9095.0,10.0,11.0,139.0,142.8,151.0,0.1488888888888889,0.0547619047619047,0.7172774869109947,0.2368421052631578,0.3938547486033519,0.549800796812749,0.330188679245283,10.0,11.0,4864
2,128,0.04816053511705687,1.0,2.0,0.4827457722125913,36.8,5.5,2.0,26.4,9.0,14.5,979.0,9058.0,10.0,11.0,141.0,143.3,151.5,0.1506493506493506,0.0548523206751054,0.7270029673590503,0.2347417840375587,0.3982300884955752,0.5514705882352942,0.3225806451612903,10.0,11.0,1629
2,129,0.038591740013541154,1.0,3.0,0.5237037955083813,37.9,5.6,2.0,27.0,9.0,15.0,991.0,13540.0,10.0,11.0,141.0,144.5,151.4,0.1503131524008351,0.0555555555555555,0.7245989304812835,0.2325581395348837,0.4,0.5534351145038168,0.32,10.0,11.0,10581
2,130,0.04198740377886634,1.0,3.0,0.5765185823418938,39.0,5.8,2.1,28.0,9.0,15.6,1014.0,14974.0,10.0,11.0,142.0,145.9,153.3,0.1507430997876857,0.0549132947976878,0.7259887005649718,0.2295081967213114,0.4023668639053254,0.555956678700361,0.3162055335968379,10.0,11.0,13309
2,131,0.03287671232876721,1.0,3.0,0.5608324935225248,39.0,5.8,2.2,28.0,9.0,15.6,1014.0,13990.0,10.0,11.0,141.0,146.2,152.2,0.1509433962264151,0.0553935860058309,0.728343632752152,0.2277904328018223,0.4035532994923858,0.5555555555555556,0.3125,10.0,11.0,13202
2,132,0.03309057273594451,1.0,3.0,0.5777649331935046,39.8,5.9,2.2,28.5,9.0,15.9,1024.5,9942.0,11.0,11.0,142.0,147.0,153.2,0.1504587155963302,0.0552325581395348,0.7225130890052356,0.2332361516034985,0.40286006427110715,0.556390977443609,0.3225806451612903,11.0,11.0,12644
2,133,0.03366016213271805,1.0,3.0,0.6007454091025826,40.9,6.0,2.2,28.9,10.0,16.1,1033.0,7377.0,11.0,12.0,145.0,147.9,153.7,0.1478260869565217,0.0547945205479452,0.7145922746781115,0.2424242424242424,0.3969072164948454,0.5570934256055364,0.339394438045088,11.0,12.0,3372
2,134,0.03577468695403696,1.0,3.0,0.5806752086021526,40.8,6.0,2.2,28.9,10.0,16.1,1034.0,10860.0,11.0,12.0,146.0,148.1,154.3,0.1489361702127659,0.0549132947976878,0.7180156657963447,0.2364066193853428,0.399390243902439,0.5574324324324325,0.3292181069958848,11.0,12.0,20836
2,135,0.029629629629629672,1.0,3.0,0.5603205772699409,41.2,6.0,2.2,29.0,10.0,16.2,1036.0,10766.0,11.0,12.0,145.0,148.3,153.6,0.1479166666666666,0.0547945205479452,0.7113924050632912,0.2444444444444444,0.396551724137931,0.5582191780821918,0.3430079155672823,11.0,12.0,9609
2,136,0.03450655624568677,1.0,3.0,0.5898070431265917,41.8,6.1,2.3,29.5,10.0,16.5,1049.0,10530.0,11.0,12.0,147.0,149.3,155.3,0.1486761710794297,0.0549199084668192,0.7139240506329114,0.2415458937198067,0.398989898989899,0.5594405594405594,0.3374233128834356,11.0,12.0,11279
2,137,0.030643452183224174,1.0,3.0,0.58819497323323,42.5,6.2,2.3,29.9,10.0,16.8,1057.5,10861.0,11.0,12.0,147.0,149.8,155.2,0.1480441009141915,0.0547045951859956,0.7130801687763713,0.2444218148902466,0.3973333333333333,0.5608108108108109,0.3416149068322981,11.0,12.0,14730
2,138,0.03435934144595576,1.0,2.0,0.495252704357618,40.3,6.0,2.2,29.2,9.0,16.2,1040.0,9094.0,11.0,12.0,149.0,148.8,154.4,0.1503496503496503,0.0550964187327823,0.7279411764705883,0.2290076335877862,0.4016853932584269,0.5577557755775577,0.3114186851211072,11.0,12.0,1649
2,139,0.026206896551724146,1.0,3.0,0.5542849703591176,43.2,6.2,2.3,30.0,11.0,16.8,1060.0,9180.0,11.0,12.0,148.0,150.2,155.1,0.1452631578947368,0.0542797494780793,0.7014925373134328,0.2546296296296296,0.3918439716312057,0.5605095541401275,0.3629032258064516,11.0,12.0,3707
2,140,0.02983519601312512,1.0,2.0,0.4855392958289116,41.2,6.1,2.3,29.6,10.0,16.5,1047.0,9115.0,11.0,12.0,150.0,149.6,154.8,0.1477572559366754,0.0551724137931034,0.7098039215686275,0.2444444444444444,0.3948051948051947,0.5591397849462366,0.3433476394849785,11.0,12.0,1408
2,141,0.01932517739467743,1.0,3.0,0.5770932309750374,43.5,6.4,2.4,30.9,10.0,17.4,1080.0,13632.0,11.0,12.0,148.0,151.5,155.6,0.1479289940828402,0.0549199084668192,0.7124600638977636,0.2439024390243902,0.3979052423777144,0.562700964630225,0.3424657534246575,11.0,12.0,6572
2,142,0.020694259012016047,1.0,3.0,0.598141089349759,44.7,6.6,2.4,31.6,11.0,17.8,1095.0,11559.0,11.0,12.0,149.0,152.3,156.5,0.1475054229934924,0.0545454545454545,0.7098214285714286,0.2463054187192118,0.3991769547325102,0.5638629283489097,0.3470031545741325,11.0,12.0,8409
2,143,0.015936365840763522,1.0,3.0,0.6001562324586854,44.2,6.6,2.4,31.6,10.0,17.8,1097.0,15307.5,11.0,12.0,148.0,152.8,156.3,0.1495327102803738,0.0552995391705069,0.7201017811704835,0.2345415778251599,0.4047619047619047,0.5635838150289018,0.3278688524590164,11.0,12.0,7888
2,144,0.014452856159669514,1.0,3.0,0.5941323270995706,45.2,6.6,2.4,31.9,11.0,18.0,1104.0,10939.0,12.0,12.0,149.0,153.1,156.5,0.1484184914841849,0.0549132947976878,0.7142857142857143,0.2409638554216867,0.4029126213592233,0.5637982195845697,0.3363914373088684,12.0,12.0,7481
2,145,0.014833926083068216,1.0,3.0,0.6135980916575154,46.7,6.7,2.5,32.0,12.0,18.0,1106.0,7488.0,12.0,12.0,152.0,153.8,157.4,0.14416534110993273,0.0539419087136929,0.6967123040893533,0.2569593147751606,0.3930842607313195,0.5643274853801169,0.3672316384180791,12.0,12.0,2086
2,146,0.016778523489932917,1.0,3.0,0.5881105694573653,46.0,6.7,2.5,32.2,11.0,18.1,1109.0,10941.0,12.0,12.0,154.0,153.8,157.6,0.1466395112016293,0.0544354838709677,0.7061403508771931,0.2490421455938697,0.3982035928143713,0.5645161290322581,0.3529411764705882,12.0,12.0,11885
2,147,0.010786802030456899,1.0,3.0,0.5816425381317553,46.5,6.8,2.5,32.5,12.0,18.3,1117.0,10058.0,12.0,12.0,151.0,154.1,157.0,0.1451990632318501,0.054054054054054,0.7002141327623127,0.2558139534883721,0.3951612903225805,0.5649350649350648,0.3678929765886288,12.0,12.0,4171
2,148,0.020037570444583652,1.0,3.0,0.5885748685324077,46.8,6.8,2.5,32.6,12.0,18.5,1119.0,10912.0,12.0,13.0,161.0,154.6,158.6,0.145679012345679,0.0541103852727099,0.6981891348088531,0.2583025830258302,0.3956953642384105,0.5666666666666667,0.3712871287128713,12.0,13.0,5582
2,149,0.022450288646568284,1.0,3.0,0.5753494244586547,48.1,7.0,2.5,33.2,13.0,18.9,1134.0,10394.0,12.0,13.0,165.0,154.8,159.0,0.144082332761578,0.0536130536130536,0.6912621359223301,0.2650602409638554,0.3932038834951455,0.56797583081571,0.3833865814696485,12.0,13.0,5479
2,150,0.02547770700636942,1.0,2.0,0.4720225800880857,44.7,6.7,2.4,32.0,10.0,18.2,1105.0,9198.0,12.0,13.0,165.0,153.6,158.6,0.1518072289156626,0.0550847457627118,0.7281553398058251,0.2258726899383983,0.4106280193236715,0.5648148148148149,0.3107344632768362,12.0,13.0,815
2,151,0.019994147371162674,1.0,3.0,0.5379658869056442,47.6,6.8,2.5,32.9,12.0,18.6,1126.0,9264.0,12.0,14.0,173.0,154.9,158.8,0.1446028513238289,0.054054054054054,0.6966067864271457,0.2606635071090047,0.3951120162932789,0.565283467688648,0.3724928366762178,12.0,14.0,1292
2,152,0.024563671622495287,1.0,2.0,0.5015683273504744,45.8,6.9,2.5,32.9,11.0,18.8,1127.0,9198.0,12.0,14.0,169.0,154.7,159.5,0.1476190476190476,0.0548780487804878,0.7096153846153845,0.2422907488986784,0.4038461538461538,0.5683060109289617,0.3384615384615385,12.0,14.0,709
2,153,0.01744548286604375,1.0,3.0,0.6297273203994421,48.8,7.0,2.6,33.6,13.0,19.1,1144.0,12499.0,12.0,14.0,169.0,156.9,160.0,0.1455847255369928,0.0537037037037037,0.6974459724950884,0.2582159624413145,0.3955223880597014,0.5692307692307692,0.3703703703703704,12.0,14.0,3681
2,154,0.01643412308125569,1.0,3.0,0.5600182482065685,48.4,7.0,2.6,33.7,12.0,19.1,1144.0,16124.0,12.0,14.0,171.0,156.2,159.3,0.1466395112016293,0.05430287931940275,0.7033248081841432,0.2509652509652509,0.39935570036397794,0.5685714285714285,0.3571428571428571,12.0,14.0,4946
2,155,0.0177572040444246,1.0,3.0,0.5999144227529514,48.1,7.0,2.6,33.6,12.0,19.1,1142.0,19854.0,12.0,14.0,171.0,157.1,160.0,0.1455847255369928,0.054054054054054,0.6990476190476191,0.2569593147751606,0.3966745843230403,0.5681818181818181,0.3678929765886288,12.0,14.0,5878
2,156,0.014554275318374721,1.0,3.0,0.5832960439721737,48.2,7.1,2.6,33.8,12.0,19.2,1148.0,16283.0,13.0,14.0,173.0,157.1,159.7,0.1466165413533834,0.0543259557344064,0.7041942604856513,0.2517985611510791,0.3996212121212121,0.5686813186813187,0.3582089552238806,13.0,14.0,10107
2,157,0.01121372031662271,1.0,3.0,0.6692624261596092,49.7,7.2,2.7,34.6,13.0,19.7,1167.0,18773.0,13.0,13.0,166.0,158.6,160.6,0.1441647597254004,0.0537190082644628,0.6921529175050302,0.2644230769230769,0.3923541247484909,0.5701754385964912,0.3797468354430379,13.0,13.0,1327
2,158,0.01040351885247337,1.0,3.0,0.545432809291103,49.5,7.1,2.6,33.8,13.0,19.2,1149.0,4596.0,13.0,14.0,171.0,157.05,159.1,0.1425531914893617,0.0535055350553505,0.6862348178137652,0.2708333333333333,0.3896137612220287,0.5687443290654299,0.396039603960396,13.0,14.0,2100
2,159,0.013401403956605051,1.0,3.0,0.5672622944427537,49.3,7.1,2.6,33.9,13.0,19.3,1149.0,16252.0,13.0,14.0,173.0,157.6,159.9,0.1425233644859813,0.0532150776053215,0.6842105263157895,0.2716049382716049,0.389090909090909,0.5692771084337348,0.3971119133574007,13.0,14.0,8743
2,160,0.013141800607988086,1.0,3.0,0.5715033959284661,49.7,7.1,2.6,34.0,14.0,19.4,1151.0,19549.0,13.0,14.0,177.0,157.9,160.3,0.1414538310412574,0.0527522935779816,0.6768292682926829,0.2788104089219331,0.3878326996197718,0.5706214689265536,0.4123711340206185,13.0,14.0,4706
2,161,0.0117647058823529,1.0,3.0,0.5683940911238343,50.2,7.2,2.6,34.3,14.0,19.6,1158.0,21565.0,13.0,14.0,173.0,158.1,160.3,0.1422764227642276,0.0531914893617021,0.6814908290409405,0.2758620689655172,0.3891338040849925,0.5710526315789474,0.4037267080745341,13.0,14.0,10502
2,162,0.021886424068239818,1.0,3.0,0.6622806173772988,44.2,6.9,2.5,33.3,11.0,18.8,1138.0,9207.5,13.0,15.0,186.0,159.6,162.2,0.1442307692307692,0.0550284629981024,0.6995192307692307,0.2644230769230769,0.3908918406072106,0.5644740631042001,0.3780068728522336,13.0,15.0,78
2,163,0.018145276457048776,1.0,2.0,0.4202165090993686,51.0,7.3,2.6,34.5,16.0,19.8,1163.0,9259.0,13.0,14.5,179.0,156.4,159.7,0.1353383458646616,0.050587906552639506,0.6484962406015037,0.3179466680761658,0.3684210526315789,0.5694822888283378,0.49160841922363063,13.0,14.5,40
2,164,0.012291505856294238,1.0,3.0,0.5238456790648263,49.4,7.2,2.6,34.3,13.0,19.6,1158.0,9238.0,13.0,15.0,182.0,158.0,160.2,0.145748987854251,0.05311800758828675,0.6956521739130435,0.253623188405797,0.3985507246376811,0.5689655172413793,0.3645833333333333,13.0,15.0,66
2,165,0.00879949717159012,1.0,3.0,0.5700464521914007,51.6,7.3,2.7,34.9,14.0,20.0,1174.0,12293.0,13.0,14.0,177.0,158.8,160.4,0.1415929203539823,0.052919708029197,0.6818181818181818,0.2745995423340961,0.3888888888888889,0.5718232044198894,0.4022988505747126,13.0,14.0,2804
2,166,0.007281553398058138,1.0,3.0,0.5354099143275057,50.9,7.3,2.7,34.8,14.0,19.9,1171.0,15669.0,13.0,14.0,173.0,158.5,159.9,0.1422594142259414,0.0526315789473684,0.6810344827586207,0.2771855010660981,0.3891129032258064,0.5722379603399433,0.40625,13.0,14.0,2867
2,167,0.010197769241562793,1.0,3.0,0.5375991306288159,50.4,7.3,2.7,34.7,14.0,19.8,1167.0,20339.0,13.0,15.0,180.0,158.7,160.5,0.1425818882466281,0.0531135531135531,0.6848249027237355,0.2727272727272727,0.3900965044637244,0.5714285714285714,0.3977272727272727,13.0,15.0,4892
2,168,0.0073574494175354666,1.0,3.0,0.5434167593797095,50.6,7.2,2.7,34.6,14.0,19.8,1166.0,12509.0,14.0,15.0,180.0,158.9,160.3,0.14228026567784524,0.0531309297912713,0.6844660194174758,0.2712477396021699,0.39,0.5709969788519637,0.3962703962703963,14.0,15.0,7318
2,169,0.007979865555582832,1.0,3.0,0.5861613465797798,51.4,7.3,2.7,35.1,14.0,20.0,1177.0,32722.0,14.0,14.0,178.0,159.6,161.2,0.1417622552168407,0.052854482289316246,0.6806134592498752,0.273972602739726,0.3902027027027027,0.5710382513661202,0.4037267080745341,14.0,14.0,1398
2,170,0.0062893081761006275,1.0,3.0,0.517821511057928,51.6,7.2,2.7,34.6,15.0,19.7,1164.0,4736.0,14.0,15.0,180.0,158.8,160.0,0.1394052044609665,0.0518358531317494,0.6693069306930692,0.29082774049217,0.3816666666666666,0.5714285714285715,0.4347826086956521,14.0,15.0,1565
2,171,0.007168458781361853,1.0,3.0,0.5460641226325634,51.4,7.2,2.7,34.6,15.0,19.8,1165.0,19628.0,14.0,15.0,180.0,159.3,160.5,0.1394891944990176,0.0523012552301255,0.6687500000000001,0.2874743326488706,0.3807692307692308,0.5714285714285714,0.4322766570605187,14.0,15.0,5498
2,172,0.007963247301369991,1.0,3.0,0.5294876956874333,52.2,7.3,2.7,35.1,15.0,20.1,1178.5,13440.0,14.0,15.0,184.0,159.2,160.7,0.1402439024390243,0.0523465703971119,0.6697936210131333,0.2861952861952862,0.3843977092616405,0.5730994152046783,0.4275904099600596,14.0,15.0,2596
2,173,0.005778491767272409,1.0,3.0,0.5576551470074489,52.3,7.3,2.7,35.0,15.0,20.0,1174.0,19635.5,14.0,15.0,184.0,159.7,160.9,0.1391304347826087,0.0519713261648745,0.6666666666666666,0.2914389799635701,0.3815651550259296,0.572972972972973,0.4373177842565598,14.0,15.0,6280
2,174,0.011396918084983554,1.0,3.0,0.5440138706902548,49.2,7.2,2.6,34.3,13.5,19.5,1159.0,9264.0,14.0,15.0,189.0,159.6,161.1,0.141491395793499,0.0539271606429475,0.6840958605664488,0.2676864244741874,0.3881453154875717,0.5697674418604651,0.3910614525139665,14.0,15.0,104
2,175,0.009071666992189642,1.0,3.0,0.6409564864556655,53.0,7.3,2.7,35.0,15.0,19.9,1176.0,9194.0,14.0,15.0,181.5,161.0,162.3,0.1407407407407407,0.0518518518518518,0.674074074074074,0.2824858757062147,0.3888888888888889,0.5710382513661202,0.4132231404958678,14.0,15.0,66
2,176,0.005836575875486361,1.0,2.0,0.4264811614954436,54.099999999999994,7.15,2.5999999999999996,34.0,17.0,19.6,1150.0,9262.5,14.0,15.0,186.0,158.2,159.0,0.1297208538587849,0.049647887323943596,0.625615763546798,0.3284072249589491,0.3579638752052545,0.5690474382020576,0.5249343832020997,14.0,15.0,18
2,177,0.004461440407903083,1.0,3.0,0.5552707119080712,53.0,7.4,2.8,35.2,15.0,20.2,1181.0,6936.0,14.0,15.0,184.0,160.0,160.9,0.13906607619279784,0.05209377087508345,0.6666666666666667,0.28971518101952887,0.3824507835986166,0.5734870317002881,0.4360917916394986,14.0,15.0,1668
2,178,0.004744958481613271,1.0,3.0,0.5641027962192582,53.1,7.4,2.8,35.4,15.0,20.3,1186.0,16590.0,14.0,15.0,185.0,160.2,161.2,0.1380281690140845,0.052112676056338,0.6645702306079664,0.2935420743639921,0.3796791443850267,0.573134328358209,0.4419889502762431,14.0,15.0,1992
2,179,0.005161290322580614,1.0,3.0,0.5428164268864937,52.5,7.3,2.8,35.2,15.0,20.1,1180.5,12283.0,14.0,15.0,185.0,160.0,161.1,0.1388888888888889,0.0521920668058455,0.6675992231388321,0.2893309222423146,0.3807496158385854,0.5726027397260274,0.4320987654320988,14.0,15.0,1992
2,180,0.004498714652956481,1.0,3.0,0.5082105508910568,52.3,7.3,2.7,34.9,15.0,20.0,1174.0,16259.0,15.0,15.0,185.0,159.6,160.6,0.1389365351629502,0.0522522522522522,0.6673076923076924,0.2890173410404624,0.381625441696113,0.5721784776902887,0.43343653250774,15.0,15.0,3873
2,181,0.0037060040775964698,1.0,3.0,0.5942162890785551,52.95,7.4,2.8,35.6,15.0,20.3,1188.0,30780.0,15.0,15.0,185.0,160.8,161.6,0.1400964920797329,0.0523138832997987,0.6728099643073275,0.2810469777453052,0.38365227749436775,0.5726256983240224,0.4191616766467066,15.0,15.0,518
2,182,0.003981420039814276,1.0,3.0,0.5527144563195202,54.1,7.4,2.8,35.5,15.0,20.4,1187.0,7067.0,15.0,15.0,185.0,160.3,161.2,0.1394927536231884,0.0521582733812949,0.6690647482014389,0.2888086642599278,0.3821510297482837,0.5714285714285715,0.4310344827586207,15.0,15.0,399
2,183,0.005055292763743613,1.0,3.0,0.5446167349808557,53.3,7.3,2.7,35.2,16.0,20.1,1180.0,16422.0,15.0,15.0,190.0,160.25,161.3,0.1368821292775665,0.0513307984790874,0.6566090085403391,0.30176750156109067,0.3749999999999999,0.5722891566265059,0.4597701149425288,15.0,15.0,2630
2,184,0.006724332972148139,1.0,2.0,0.4530246486714545,52.45,7.3,2.7,34.7,15.0,20.0,1168.0,4720.0,15.0,16.0,202.0,159.1,160.55,0.13840306791497664,0.0522088353413654,0.659443447037702,0.3018867924528302,0.3770197486535008,0.5734870317002881,0.4571428571428571,15.0,16.0,452
2,185,0.00557383415497148,1.0,3.0,0.5170518494061708,53.5,7.3,2.7,34.9,16.0,20.0,1172.5,16322.0,15.0,16.0,202.0,160.0,161.2,0.1373626373626373,0.0515806988352745,0.6566714619672721,0.300187617260788,0.3754045307443365,0.5727554179566564,0.4568527918781726,15.0,16.0,1796
2,186,0.010369410239792654,1.0,2.0,0.3937728801882347,48.4,6.8,2.5,32.5,12.0,18.4,1118.0,9261.0,15.0,15.0,188.0,158.4,160.3,0.1452380952380952,0.0536912751677852,0.697986577181208,0.2684563758389262,0.3914988814317673,0.5661538461538461,0.3846153846153846,15.0,15.0,11
2,187,0.006860982745062083,1.0,3.5,0.825982808179573,57.2,7.9,3.0,37.9,18.0,21.75,1242.5,9216.0,15.0,15.5,193.5,164.75,165.25,0.13439948964594184,0.0518207282913165,0.6401440999693537,0.31810489191860014,0.3695985965263401,0.5755645606368743,0.49725274725274726,15.0,15.5,28
2,189,0.013114754098360715,1.0,2.0,0.3555718654146542,51.3,7.3,2.8,35.1,16.0,19.9,1180.0,9242.0,15.0,16.0,203.0,158.0,160.6,0.1385435168738898,0.0545808966861598,0.6678507992895205,0.2841918294849023,0.3818181818181818,0.5691489361702127,0.425531914893617,15.0,16.0,43
2,190,0.006317119393556503,1.0,3.0,0.540369969941463,54.0,7.5,2.8,35.8,16.0,20.6,1195.0,25169.0,15.0,17.0,204.0,160.5,161.8,0.137577002053388,0.0516528925619834,0.658703071672355,0.2976190476190476,0.3784860557768924,0.5745341614906831,0.4518072289156626,15.0,17.0,4953
2,191,0.006297229219143663,1.0,3.0,0.6417744463684638,55.6,7.6,2.9,36.7,16.0,21.0,1216.0,19694.0,15.0,16.0,197.0,161.9,163.0,0.1351819757365684,0.0504854368932038,0.6512820512820513,0.3076923076923077,0.3726169844020797,0.5764411027568922,0.4724409448818897,15.0,16.0,127
2,192,0.007281553398058138,1.0,3.0,0.5284600433293679,53.7,7.4,2.8,35.7,16.0,20.5,1190.0,18224.0,16.0,17.0,206.0,160.4,161.8,0.1375968992248062,0.0512820512820512,0.6587301587301587,0.3003533568904593,0.3760330578512396,0.5737704918032787,0.45708493252445215,16.0,17.0,3520
2,193,0.006682867557715744,1.0,3.0,0.6322237742776571,57.5,7.5,2.8,36.1,20.0,20.7,1199.0,508795.0,16.0,17.0,207.0,161.8,162.8,0.127003699136868,0.048828125,0.6136865342163356,0.3485838779956427,0.3575832305795314,0.5725,0.5734767025089607,16.0,17.0,217
2,194,0.003058103975535076,1.0,3.0,0.666942826420796,56.1,7.5,2.9,36.3,16.0,20.9,1208.0,26787.0,16.0,17.0,204.0,162.3,163.0,0.1371428571428571,0.0516934046345811,0.6590476190476191,0.297723292469352,0.3812056737588652,0.5748031496062992,0.452127659574468,16.0,17.0,183
2,195,0.0042579075425790425,1.0,3.0,0.5091072294891884,54.0,7.4,2.8,35.5,16.0,20.3,1187.0,16731.0,16.0,17.0,207.0,160.2,161.4,0.1361867704280155,0.0509868421052631,0.6537785588752197,0.3012048192771084,0.375,0.5739348370927319,0.4615384615384615,16.0,17.0,1433
2,196,0.0069277108433735135,1.0,4.0,0.8716781043498592,56.3,7.8,3.0,37.8,16.0,21.8,1237.0,9241.5,16.0,17.0,209.0,166.0,166.75,0.1383763837638376,0.053464693439856104,0.6654278723200401,0.287324130510086,0.38013753194526767,0.5767195767195767,0.43190198346969855,16.0,17.0,32
2,197,0.004259203314807447,1.0,3.0,0.5831922990614795,54.5,7.5,2.8,35.849999999999994,17.0,20.6,1195.5,25160.5,16.0,17.0,209.0,161.2,162.0,0.1367673179396092,0.0509803921568627,0.652754590984975,0.3047619047619048,0.3763250883392226,0.5760416210934651,0.4668304668304668,16.0,17.0,2576
2,198,0.005382775119617156,1.0,2.0,0.497337253292028,54.4,7.8,2.9,37.8,14.0,21.7,1238.0,9242.0,16.0,17.0,212.0,160.1,160.8,0.1393298059964726,0.054673721340388,0.673721340388007,0.2821869488536155,0.3844797178130511,0.5710526315789474,0.4188481675392669,16.0,17.0,25
2,200,0.00427189078734147,2.0,4.0,0.8849914825324294,72.8,8.7,3.1,40.9,26.0,24.2,1309.0,9216.0,16.0,16.5,206.5,166.4,167.14999999999998,0.1222527472527472,0.048076923076923,0.5975274725274725,0.3571428571428571,0.3461538461538461,0.5793103448275861,0.5977011494252874,16.0,16.5,6
2,201,0.0038461538461538325,1.0,1.0,0.2028871041866807,49.7,6.5,2.4,30.9,17.0,17.6,1081.0,9199.0,16.0,16.0,203.0,156.0,156.6,0.1307847082494969,0.0482897384305835,0.6217303822937625,0.3420523138832997,0.3541247484909456,0.5695792880258901,0.5501618122977346,16.0,16.0,1
2,202,0.004904966278356904,1.0,3.0,0.5236874708441303,55.1,7.5,2.8,36.1,17.0,20.7,1200.0,25160.5,16.0,17.0,214.0,160.5,161.5,0.13594873793652534,0.0509803921568627,0.6509433962264151,0.30742873528912606,0.37390677797654537,0.5751370211746383,0.47242951907131003,16.0,17.0,3040
2,203,0.003107520198881275,1.0,3.0,0.6793406615024253,58.9,7.8,2.9,37.6,19.0,21.6,1234.0,508772.0,16.0,17.0,209.0,162.6,163.0,0.134125636672326,0.0497237569060773,0.6369137670196673,0.3225806451612903,0.3701188455008489,0.5781637717121588,0.5039787798408488,16.0,17.0,127
2,204,0.005087440895907291,1.0,3.0,0.5040722179910658,54.7,7.4,2.8,35.8,17.0,20.5,1193.0,18148.0,17.0,17.0,214.0,160.3,161.4,0.13552805231032256,0.0508166969147005,0.6492985971943888,0.3090234857849196,0.37150148581943876,0.5739913119648188,0.4770992366412214,17.0,17.0,2274
2,205,0.005871298922226376,1.0,3.0,0.5405970652769185,57.2,7.7,2.9,36.9,17.0,21.2,1218.0,28290.0,17.0,17.0,215.0,160.8,161.7,0.1299282990307023,0.0491803278688524,0.6243980738362761,0.3370786516853932,0.35272122614227874,0.5745257452574526,0.5398457583547558,17.0,17.0,142
2,206,0.002920609574890931,1.0,3.0,0.6516390830492359,54.8,7.7,2.9,36.95,16.0,21.3,1218.5,16283.5,17.0,18.0,216.0,162.3,163.14999999999998,0.1388329979879275,0.0518053375196232,0.66652597898528,0.28976223202124546,0.3840830449826989,0.5753948252688172,0.4382763478038161,17.0,18.0,192
2,207,0.0019280213618819708,1.0,2.0,0.4998886660702583,54.05,7.3,2.8,35.150000000000006,17.0,20.2,1178.0,17183.0,17.0,17.0,214.0,160.35000000000002,160.75,0.1353637901861252,0.0508130081300813,0.6498646336857408,0.31192462187627745,0.371554769199605,0.5733695652173914,0.4810263266145619,17.0,17.0,498
2,208,0.0018679950186799577,1.0,3.0,0.5169565922738845,57.7,8.05,3.1,38.9,16.0,22.35,1268.0,9242.0,17.0,17.5,218.5,160.6,160.9,0.1388888888888889,0.0536332179930795,0.6730103806228374,0.2777777777777778,0.3854166666666666,0.576530612244898,0.4113110539845758,17.0,17.5,10
2,209,0.002552648372686761,1.0,3.0,0.5378851630323309,55.2,7.5,2.8,35.9,17.0,20.7,1195.0,18175.0,17.0,18.0,216.0,160.9,161.4,0.1346499102333931,0.0505050505050505,0.6446280991735537,0.3141361256544502,0.3704974271012007,0.5759312320916906,0.486322188449848,17.0,18.0,1111
2,212,0.004655218695293284,1.0,3.0,0.5932034185046094,53.05,7.65,2.85,36.7,16.0,21.05,1214.0,9253.0,17.0,17.5,218.5,162.7,163.35,0.1355518894674434,0.0531145325262972,0.6536448845272373,0.2962313759859772,0.37348239995298815,0.5713548759853081,0.4538312787043751,17.0,17.5,8
2,214,0.0026307161413164915,1.0,2.0,0.485523670910022,56.3,7.5,2.8,36.1,18.0,20.8,1199.0,18107.0,17.0,18.0,217.0,160.4,160.9,0.1329062634634716,0.0500782472613458,0.6385135135135135,0.3208503314635389,0.366288492706645,0.5747463511645937,0.5035617169644495,17.0,18.0,876
2,215,0.002418379685610761,1.0,3.0,0.5856584536828321,57.0,7.8,2.9,37.7,18.0,21.8,1237.0,28278.0,17.0,18.0,219.0,161.7,162.9,0.1352253756260434,0.0505050505050505,0.6452095808383234,0.3157894736842105,0.3737574552683897,0.5797546012269938,0.4872389791183295,17.0,18.0,49
2,216,0.0036308706399340585,1.0,2.0,0.472160369509039,56.0,7.5,2.8,36.349999999999994,18.0,20.9,1205.5,17588.0,18.0,18.0,221.0,160.3,161.2,0.13424434856587258,0.05047794453408015,0.6439213860367093,0.3140495867768595,0.3693855601915592,0.5744652535811072,0.49004709104894834,18.0,18.0,220
2,217,0.003077039603866627,1.0,3.0,0.5133851004851299,54.65,7.4,2.7,35.4,19.0,20.35,1184.0,28657.0,18.0,18.0,221.0,160.85000000000002,161.3,0.1301923677163931,0.048622494010843495,0.6247721972121278,0.3357393582834825,0.36002576453455803,0.5724068510073665,0.5382405485007966,18.0,18.0,58
2,219,0.0018951358180667732,2.0,3.0,0.5829456054292894,66.7,8.1,3.0,38.8,28.0,22.4,1264.0,28359.0,18.0,18.0,221.0,161.8,162.9,0.12143928035982,0.0463215258855585,0.5803814713896458,0.3814713896457765,0.3358320839580209,0.577319587628866,0.6572769953051643,18.0,18.0,13
2,221,0.0062436991500877115,1.5,3.5,0.8299438297982537,68.65,9.15,3.5,43.95,22.0,25.700000000000003,1381.5,519617.5,18.0,18.0,224.0,170.2,171.25,0.13392574622930065,0.0512237289223756,0.644734549189913,0.3162044913625879,0.3744456877141009,0.5811475409836067,0.49138930286471266,18.0,18.0,2
